ID1,ID_1,ID_2,va1,va2
A2b6115fd,2b6115fd,A,0.45767142786710585,81.35507907095383
Ac51c9cf1,c51c9cf1,A,0.23619578114902734,-1.145051782261061
A7534d3a0,7534d3a0,A,0.2542420267817495,1.1576851372206083
A73fc5642,73fc5642,A,0.04112479603556963,-1.2113614030107724
Ae020e4bd,e020e4bd,A,0.2658252544537978,-2.313626825456912
Ac0d3b0fe,c0d3b0fe,A,0.009919932834597668,-0.8824416819419479
A2edfed41,2edfed41,A,0.2930030648829918,-0.37510721964604643
Ad38a4bbe,d38a4bbe,A,0.2605639104360532,-1.0912325513485477
A5ee0f97f,5ee0f97f,A,0.1858387442660726,-6.139757146547913
Ad791c03d,d791c03d,A,0.03675597737402589,-0.258155581211411
A716ec591,716ec591,A,0.11465197168838889,-2.884776735881194
Af88d3ab5,f88d3ab5,A,0.4157302018989154,0.4914336304227194
A429b65a6,429b65a6,A,0.023783090512396743,0.8862083468800304
A3638155a,3638155a,A,0.43608459589520693,1.5187036111685295
A9ce4930a,9ce4930a,A,0.3289369291698729,-0.0025876006446502123
Af0968cbc,f0968cbc,A,0.3907058448537482,0.33588037330983045
Ae413c9a9,e413c9a9,A,0.21018799815510608,8.126189765333931
A5dc40807,5dc40807,A,0.1387798013530876,0.01577182704325076
Adec8db56,dec8db56,A,0.20318085189614923,-2.015278772918233
A25df779b,25df779b,A,0.6514367003194648,11.759808770753141
A99248c71,99248c71,A,0.24977416681643444,-0.36423432377974135
Add5aa1c7,dd5aa1c7,A,0.21897908152790968,-2.983309425549705
Ad0f3116e,d0f3116e,A,0.1671080798596472,-0.2909188167587642
Ad54fca43,d54fca43,A,0.762966154402199,-0.5875882140682335
A6e968b78,6e968b78,A,0.4882577722949905,1.700330438884871
Aff6e10b8,ff6e10b8,A,0.27395080464710675,-2.1146589623453207
A87a5811d,87a5811d,A,0.30042256691675323,-2.271924615128027
A891c4eb2,891c4eb2,A,0.703953186875355,-5.918411653443192
Aaeac5e8c,aeac5e8c,A,0.44223098702310004,-21.757646813897118
A5de49801,5de49801,A,0.4222636425636994,1.2815782720669262
A8e19476a,8e19476a,A,0.14985299983930234,-0.7407968640786261
A2a32393d,2a32393d,A,0.29353596915212404,0.2811519868487582
A3b2450b1,3b2450b1,A,0.6205182471681796,-9.721698429329694
A8882c792,8882c792,A,0.3115320944450241,0.41254344216446615
A50a09695,50a09695,A,0.004322622751028041,0.525396904291054
Aaa54830c,aa54830c,A,0.24631001187583032,-2.387774531001848
Af8cb44f9,f8cb44f9,A,0.08514798538519144,-0.4923711767488437
A21b702c9,21b702c9,A,0.736457683374278,-2.7171823194509894
A9071dd07,9071dd07,A,0.3420960552982208,0.9118722127579195
Af9200e0d,f9200e0d,A,0.09001940768700659,5.033807252630942
A3be8e904,3be8e904,A,0.26099836127860765,2.1176791250916343
Aa3cb7424,a3cb7424,A,0.11664151768246589,-3.6809365828201592
A2d35e45c,2d35e45c,A,0.5417169852417458,1.0554538436791172
Ad0c4853c,d0c4853c,A,0.27482559553680724,15.38906494340327
A71989001,71989001,A,0.13507545570387147,-96.29424531714808
A28790818,28790818,A,0.7131803056366973,-6.057315269744487
Afcec12c0,fcec12c0,A,0.7200050092213455,-19.57479569022243
A055f348b,055f348b,A,0.3349109886339066,-0.39477628201627807
Af0e93509,f0e93509,A,0.055132002677701214,-1.2202227052830583
A260a1c9f,260a1c9f,A,0.09528871085233863,0.4899321211392909
Af888da1c,f888da1c,A,0.8311177161458297,2.3792503375557166
Afd7b14fe,fd7b14fe,A,0.15361695289587524,2.509518201707169
Aeb2d0efe,eb2d0efe,A,0.38332789218072083,-0.093333152016306
A983642cd,983642cd,A,0.2493860240157987,0.42871012774540956
Ad39c2592,d39c2592,A,0.08561299435831561,0.2986793797303682
A236afd5d,236afd5d,A,0.12369910803403086,-1.1149176550698479
A9a648d3b,9a648d3b,A,0.15160866698664568,0.3186640483470225
A0bc2ec54,0bc2ec54,A,0.5016261191109012,-0.18279708804344305
A41500f79,41500f79,A,0.5473875468874855,-1.2392501432301173
A4a568ff4,4a568ff4,A,0.06818527521303508,-0.6724331236715202
Aca80d7e8,ca80d7e8,A,0.5724741516593367,-1.465922719252294
Aadce0c54,adce0c54,A,0.2149307768839275,0.10420025486514636
Af15e21d5,f15e21d5,A,0.4534163249668879,2.541397831282703
Abef686a5,bef686a5,A,0.1670665598149632,-0.9021335446671952
Aae5948fa,ae5948fa,A,0.35018309785363516,8.550151496588041
Ad8f63a79,d8f63a79,A,0.18637786322175187,-15.016155243096552
A4fb5e0c6,4fb5e0c6,A,0.8073910516040766,0.6812807134750593
A57391f84,57391f84,A,0.07614526976167957,2.0228555104494217
A22669227,22669227,A,0.09628204038245218,-6.8439376199318795
A53a2d149,53a2d149,A,0.5643937469358126,-0.0348878219032656
A3235290a,3235290a,A,0.5388630263760161,-0.2873071260702937
Af1f6019b,f1f6019b,A,0.20876010178447146,-0.8563118861408099
A7ca77cec,7ca77cec,A,0.10082286188447874,-7.432604623953557
A06d1b2f6,06d1b2f6,A,0.4065866499452512,1.288046079300226
Ad62bc551,d62bc551,A,0.32840570305791994,1.1940463063340718
A7325ee0a,7325ee0a,A,0.5645914893135251,-9.809374778779071
A79551007,79551007,A,0.636762497305726,1.7221686545568642
A9f856b96,9f856b96,A,0.07509274522767515,-15.755184362277742
Aaaac7a89,aaac7a89,A,0.3249896361729868,2.870020900814067
Ac84f1e5a,c84f1e5a,A,0.25851351715021487,-0.09221541434693686
A3ed9037c,3ed9037c,A,0.927759595824219,0.5737109841375219
A987b3732,987b3732,A,0.5763465947070135,-1.1241501224087158
A44e4fc90,44e4fc90,A,0.4535603072141614,-0.3139294689993007
Af4715df8,f4715df8,A,0.20316859093781678,2.532302008274543
A090d1d31,090d1d31,A,0.06638874303625468,-0.6132704924353116
Afbd5ae18,fbd5ae18,A,0.6310379236024154,-1.7775736352112632
Ac2070f5f,c2070f5f,A,0.6483491690759395,0.6801880503800649
Af48d4b9d,f48d4b9d,A,0.2233969519537265,0.3905579127697199
A938906d3,938906d3,A,0.21334448779160756,1.0526665350571351
Ab0f1d2f6,b0f1d2f6,A,0.013959076451627384,0.3415120879277192
Afe326236,fe326236,A,0.3205018022720152,-0.1829707426396337
A61a0b133,61a0b133,A,0.5312139553679314,0.7221343632058813
Aab6687ca,ab6687ca,A,0.14260503343132555,-5.058241492196692
A47c16587,47c16587,A,0.12430733855463719,-0.5024716020468926
Ac5e3a2f3,c5e3a2f3,A,0.10278879494247194,-6.909389953406263
A6bef4bdd,6bef4bdd,A,0.4666644352708433,0.5873805404778857
Ad138cffd,d138cffd,A,0.5739652202896435,-1.6397673650704474
A7f92a633,7f92a633,A,0.37318762972680447,2.849120774508077
Ae9de71e7,e9de71e7,A,0.37583112022151804,0.9481771506631442
A568e9a48,568e9a48,A,0.04498924623852098,-10.963531261161311
Aa77dca83,a77dca83,A,0.14260905878381278,1.0892222902805169
A901d56c2,901d56c2,A,0.3405991300555964,-0.11709703837268064
Ad66ce513,d66ce513,A,0.46577229113042007,-0.6957967474960333
A897a230d,897a230d,A,0.238894423745155,0.32889282446264856
Afbc693a4,fbc693a4,A,0.6753577614924435,-0.73058494850177
Ae7269323,e7269323,A,0.5487165853081127,-7.178404616745287
A182729af,182729af,A,0.9358349338203389,0.1794384672497691
A1a06950b,1a06950b,A,0.2721214712684249,8.85930377298302
A569c9d81,569c9d81,A,0.5440581875744772,-0.7911964105991116
A252a021b,252a021b,A,0.9342305587020179,1.0123580346837355
A0a462ddc,0a462ddc,A,0.1834277103912667,0.7415127641376285
A59ac23b6,59ac23b6,A,0.06712584836153988,-58.16370335479499
A360fdfe5,360fdfe5,A,0.08837746790744647,-0.7284492501482168
A769ca92e,769ca92e,A,0.27841493257684596,0.6511257741950631
A76241ad7,76241ad7,A,0.08981540874852978,0.5527448577007876
A993d435d,993d435d,A,0.002689623336117734,1.2845195739343813
A94964e75,94964e75,A,0.5025213856433011,0.03113967306053205
A10c8e0a7,10c8e0a7,A,0.13189438923482324,0.4867238697007883
Aa2a3a1da,a2a3a1da,A,0.702475574233439,-3.2763761303041585
A7112e21b,7112e21b,A,0.3945711562202997,7.621133721447613
A7f2fb689,7f2fb689,A,0.19684414752073381,0.9706094434018999
A8f66609d,8f66609d,A,0.4415696321431275,0.2879440446377778
A96d98279,96d98279,A,0.5572732694128099,1.3315614809107703
A5d20deaf,5d20deaf,A,0.13588179983969026,0.5848993380633494
Af6d785e6,f6d785e6,A,0.663909230144716,-17.04632978207461
Aa48dbbc3,a48dbbc3,A,0.23556499649983131,-2.131963206444924
Aff01dea3,ff01dea3,A,0.42671959540804877,0.8781956861885613
A3beff8c6,3beff8c6,A,0.1833789383955489,-0.03124335575116666
A31d46904,31d46904,A,0.5126944136025454,-4.122053225229133
A93f7aa1b,93f7aa1b,A,0.6489609655151156,-2.981986843239632
A01f2556f,01f2556f,A,0.08531022313238527,8.957381883495325
Ac9058ead,c9058ead,A,0.643708021805253,-0.6258796872570987
A4c63b35a,4c63b35a,A,0.48202947977042937,-2.4659796327821755
A71a7cbd9,71a7cbd9,A,0.5890414245723736,0.9049831845672323
A813bda2e,813bda2e,A,0.2583985578028602,-0.3158289324384828
A29813c1e,29813c1e,A,0.09247746178433613,0.47795898632956435
Ad6103fdb,d6103fdb,A,0.2748577066716561,-4.165219429728042
Ae2341c24,e2341c24,A,0.18025743578525813,0.02451228770552566
A61fc059d,61fc059d,A,0.08243999887045833,-1.375786495731716
A177b3f3c,177b3f3c,A,0.6360727712996787,-0.27136277045372975
A20105baf,20105baf,A,0.3137347906149777,-1.2878435298436683
A80e81c4b,80e81c4b,A,0.031552659813692825,-7.562770567061918
A3965b5f4,3965b5f4,A,0.5696166852426064,-6.470555896194979
A065469e7,065469e7,A,0.12306817354791151,0.6589542702508708
A5106490c,5106490c,A,0.4754918825654606,1.1627849719120893
A8881659d,8881659d,A,0.14703036754961976,-2.475691126949776
Ab630ad89,b630ad89,A,0.7004499872312852,0.8460533577105722
A14665cdd,14665cdd,A,0.6825375040945273,0.7111766680273139
A4ebc2da4,4ebc2da4,A,0.3902821048272978,-0.5287465527983687
A3a4023bb,3a4023bb,A,0.1844028827840011,-0.608368708840996
A30c73efd,30c73efd,A,0.7644601437804446,-3.2789117550876337
A881d7270,881d7270,A,0.8015824127291408,-0.3491350322122158
A59e7d00c,59e7d00c,A,0.2592165713892885,1.9347018732292995
A94facbad,94facbad,A,0.042274289286684905,7.380057464179905
Afad20640,fad20640,A,0.23034311379365652,2.023434486888629
Ad9d7a7a6,d9d7a7a6,A,0.040113796542146786,1.558295487749075
A175e1c6c,175e1c6c,A,0.4348703136671186,0.9750710013646751
Acda03215,cda03215,A,0.533998315785245,-0.553629048188119
A1baa25f5,1baa25f5,A,0.07233989922636401,-0.8995793713569719
A81c29d00,81c29d00,A,0.33612878927304796,-0.12317321005078347
A437b2457,437b2457,A,0.19890131534240188,1.1722641511146328
A118b11b7,118b11b7,A,0.44475978206661065,0.9724028300724904
A3663d32f,3663d32f,A,0.41704344431365237,-0.5262159002102199
Aa839f68e,a839f68e,A,0.06720421396040618,0.2381325253220528
Ad7d5d256,d7d5d256,A,0.04943256564020421,1.820432122346285
Ac0c51702,c0c51702,A,0.07568565642165381,0.8694192581309602
Adc2b50b1,dc2b50b1,A,0.35127786957420304,0.4896639795896194
A6d1541c3,6d1541c3,A,0.4113519333966457,-2.1511766710653393
A3bc23c17,3bc23c17,A,0.5706977917550499,-2.227633046399445
Ae1e7585e,e1e7585e,A,0.04106090500621874,0.0932370422881954
A96e34b9e,96e34b9e,A,0.5603962050810662,-4.6223327728384636
A573d0fdb,573d0fdb,A,0.2032839624307451,-2.2335543955584685
A5fc4a9e0,5fc4a9e0,A,0.8618201087151917,0.6354859427473712
Ac38110a7,c38110a7,A,0.29547097138445455,-3.3854031773153475
A39e0959a,39e0959a,A,0.6331576262574329,2.026626921563589
A22573984,22573984,A,0.03521112999936424,0.19560857721483083
Acd6ee546,cd6ee546,A,0.6095488470475757,1.5223571853514584
Ad137e974,d137e974,A,0.3071331881172171,-0.7165075871371247
A40108a96,40108a96,A,0.282012400581892,-0.638804335006285
Abe052687,be052687,A,0.16900673587068762,0.3032697160336126
Ab60e7b9e,b60e7b9e,A,0.1659460048164141,-0.48898942472682316
Ad3d286c0,d3d286c0,A,0.053180013196423986,0.30475334307879426
A0766dee9,0766dee9,A,0.32222276446082515,0.847092716125218
A952a4f92,952a4f92,A,0.07973954285709034,-0.6762461346268545
Ae0710698,e0710698,A,0.4624079736278949,-1.2227266833919102
A77140a1d,77140a1d,A,0.16657446817114743,-0.5994228743588729
A4faa2778,4faa2778,A,0.09816237494909769,0.49006099904998535
A9356e5e6,9356e5e6,A,0.8756725557657271,8.83999042033522
A38a94e28,38a94e28,A,0.16550934791217692,-0.46966855003896857
A02dec5e1,02dec5e1,A,0.3719200384809156,-3.3538198284179566
A3330348d,3330348d,A,0.439994695897566,-1.4760011003939704
A5718bd3f,5718bd3f,A,0.3452704881796753,-0.93882154890609
A05360690,05360690,A,0.4678119399309653,-0.16339999413129183
Ac5c965ab,c5c965ab,A,0.0020107032959732324,-7.882048930932841
A3dd4b615,3dd4b615,A,0.07611540906749165,0.009023653090144676
A8322dc9b,8322dc9b,A,0.07355530315968492,-3.922768420049611
A25ec059e,25ec059e,A,0.11982286350107986,-17.417973365190445
Ad312ce7a,d312ce7a,A,0.24393068574810278,-12.543132964548345
A0fbecb51,0fbecb51,A,0.28247084641222747,7.6795559035916385
A0d911d3c,0d911d3c,A,0.09086064044219691,0.5988700116303141
Aea7d3e3a,ea7d3e3a,A,0.039366271261554335,0.9087318365871738
A269f438f,269f438f,A,0.1256296726477736,-0.788637144477847
Ad0c710df,d0c710df,A,0.3911311970399558,0.7689200360854768
A76f5664e,76f5664e,A,0.2743001235013761,-2.8507203765003255
A034ea5d0,034ea5d0,A,0.37800454510170567,2.703157998375407
A10da00ec,10da00ec,A,0.1575266660350287,0.9638580989741309
A6769745a,6769745a,A,0.5513384661736077,-2.6787296166275048
Ab0399f70,b0399f70,A,0.09530903545133024,-0.0813827832138907
A377ff7d3,377ff7d3,A,0.3468111362828301,-0.8900454632268346
A49d67d4d,49d67d4d,A,0.23605826773887176,1.6618559040931673
A89eb02a1,89eb02a1,A,0.1535245762951278,1.2733752298532683
A895472ca,895472ca,A,0.4416458813719154,0.7539855643637063
Ad80d2413,d80d2413,A,0.03001110091465501,0.3878492013290154
A812dd536,812dd536,A,0.042075782501624796,-0.6290266959648158
A568a57b2,568a57b2,A,0.5235641500555518,-1.0601758875529756
A010c3f39,010c3f39,A,0.5812457492214838,-2.576208594407917
A619d5e37,619d5e37,A,0.6373634305983554,-5.046211351161332
A88d872e4,88d872e4,A,0.04972559073249672,2.2491981813425226
A9739b50f,9739b50f,A,0.10107331603439898,0.3712191658807629
Af082aea2,f082aea2,A,0.16159523438184634,-8.860918774294966
Aa5532cc3,a5532cc3,A,0.1766227838068348,0.6692555427049317
Afbbf2896,fbbf2896,A,0.5847132073607614,22.041662578855476
Aa20de630,a20de630,A,0.07325094584864247,-1.0526382213672838
A7a449ac6,7a449ac6,A,0.3754256699455472,-0.08682036757504603
A921061e3,921061e3,A,0.589085126273101,-0.23341975624810873
A3e115ac3,3e115ac3,A,0.46740730893352306,-0.6032390934668237
A82f107f5,82f107f5,A,0.3669854572426455,-12.366446549319488
Acd05b624,cd05b624,A,0.032939580408832686,-2.4187891992761643
Abc7bbaa7,bc7bbaa7,A,0.4159941588711516,-0.7126211643856928
A023b4154,023b4154,A,0.40915154678729027,-2.755441492096646
Af0234899,f0234899,A,0.23458250460489338,-0.1507580329998007
A21a3140e,21a3140e,A,0.12580405188679036,2.0891361853944885
Ac3922a23,c3922a23,A,0.3386835852525623,1.851350766230826
A4ba8e91b,4ba8e91b,A,0.2517108572555975,1.883609858127849
A97be0c7b,97be0c7b,A,0.20258337517396352,0.07200023096128934
A2a8d1b6b,2a8d1b6b,A,0.3783834829030966,0.5475331754693469
Aba7cf650,ba7cf650,A,0.5501097399704189,-1.4893916880562443
A5092e9fd,5092e9fd,A,0.015676301397695463,-11.07680535963619
A48768c13,48768c13,A,0.7017286788398093,-1.2793090580013469
A1ef06cb4,1ef06cb4,A,0.43699448508884375,0.08342599710195883
Ac8042ac7,c8042ac7,A,0.4759629127311646,-1.07543599509416
A6ae5b4c9,6ae5b4c9,A,0.4878854873038752,0.948827675825743
Af37b63d7,f37b63d7,A,0.4782723835069799,-2.45383174231997
A2d42a72b,2d42a72b,A,0.2115348874100963,3.2394018585558757
Ab426bfad,b426bfad,A,0.3521493395470392,-5.339410484672095
Ae271903d,e271903d,A,0.14767162016380778,2.6161768729651373
Acd9588fc,cd9588fc,A,0.2606896319849813,-0.318137643432032
A9c24d029,9c24d029,A,0.3259532383408621,-5.4609853336868674
A8e80383c,8e80383c,A,0.0659282361271679,0.1938578244361391
A6bad4423,6bad4423,A,0.07799191695301379,1.187826888912693
B2b6115fd,2b6115fd,B,0.18443917204652366,-2.0576927644870584
Bc51c9cf1,c51c9cf1,B,0.5299112673668109,0.20724599260051965
B7534d3a0,7534d3a0,B,0.15481210165859782,2.0735436700693737
B73fc5642,73fc5642,B,0.30018520100111423,-1.1527291491598661
Be020e4bd,e020e4bd,B,0.37558540660608974,0.06497366518705999
Bc0d3b0fe,c0d3b0fe,B,0.5631897365297611,0.3080545969411806
B2edfed41,2edfed41,B,0.10992659718485752,-0.07009047855621746
Bd38a4bbe,d38a4bbe,B,0.1035426993996145,-0.2328311063222756
B5ee0f97f,5ee0f97f,B,0.49550184214063964,-0.6437934745976056
Bd791c03d,d791c03d,B,0.009739855540499325,0.5845376281525012
B716ec591,716ec591,B,0.1742217671975097,0.39270914101203
Bf88d3ab5,f88d3ab5,B,0.25857028673201027,32.05160980365841
B429b65a6,429b65a6,B,0.4121232239451038,1.7751610486567457
B3638155a,3638155a,B,0.11713254760376057,-1.3307372517483644
B9ce4930a,9ce4930a,B,0.00601712394534387,-0.807311506017253
Bf0968cbc,f0968cbc,B,0.21134023548907913,0.2805908698952363
Be413c9a9,e413c9a9,B,0.2934677338397005,-3.5410004142267653
B5dc40807,5dc40807,B,0.7709127742325466,-0.18257750518339252
Bdec8db56,dec8db56,B,0.05138067152428593,-1.1445162433308564
B25df779b,25df779b,B,0.1506507438159616,1.289255839857601
B99248c71,99248c71,B,0.17367518132930476,-2.34734324283082
Bdd5aa1c7,dd5aa1c7,B,0.15165532021955788,2.895936493949842
Bd0f3116e,d0f3116e,B,0.24916970711059527,74.79554527971374
Bd54fca43,d54fca43,B,0.24904883690616636,2.592453022100482
B6e968b78,6e968b78,B,0.8967170344623053,-2.182699286047852
Bff6e10b8,ff6e10b8,B,0.18379466611784295,0.32385809647610725
B87a5811d,87a5811d,B,0.4370390643178633,0.20869987887985605
B891c4eb2,891c4eb2,B,0.8372782682045414,0.17847393950009546
Baeac5e8c,aeac5e8c,B,0.4209741115787489,1.7045239253021311
B5de49801,5de49801,B,0.20538480182906688,0.015768779027031
B8e19476a,8e19476a,B,0.735970030190521,2.705205821644104
B2a32393d,2a32393d,B,0.39341411481695837,1.4766834833418359
B3b2450b1,3b2450b1,B,0.010882011058214784,-1.683800430158604
B8882c792,8882c792,B,0.9620977216917402,0.24761071416366737
B50a09695,50a09695,B,0.49433439752874947,-0.8343473676496057
Baa54830c,aa54830c,B,0.22560727578296358,-0.13728728740371407
Bf8cb44f9,f8cb44f9,B,0.8174337547519313,-2.025036688308038
B21b702c9,21b702c9,B,0.839368936842702,0.5667329751230675
B9071dd07,9071dd07,B,0.3636997366412699,1.4316570059675606
Bf9200e0d,f9200e0d,B,0.28175158626132407,0.04379275647106366
B3be8e904,3be8e904,B,0.03426192118924135,-0.5962890772864156
Ba3cb7424,a3cb7424,B,0.026086253152096617,-0.35714989256503954
B2d35e45c,2d35e45c,B,0.007114840296061668,18.144684748034283
Bd0c4853c,d0c4853c,B,0.8590316428200495,-0.08703264905306105
B71989001,71989001,B,0.13513178539405274,15.440302068330919
B28790818,28790818,B,0.0067810266956853755,0.15456952023628784
Bfcec12c0,fcec12c0,B,0.359988650585057,-2.155106078261388
B055f348b,055f348b,B,0.001316468528449442,2.087256156437593
Bf0e93509,f0e93509,B,0.020436341322329857,-16.896003757621155
B260a1c9f,260a1c9f,B,0.29692264463120643,-0.6241774461546633
Bf888da1c,f888da1c,B,0.09078461450183405,-4.143991795995169
Bfd7b14fe,fd7b14fe,B,0.4928467909571082,-0.6890933929116315
Beb2d0efe,eb2d0efe,B,0.6419272203692157,-1.1965485476701097
B983642cd,983642cd,B,0.04908030937343258,4.193036929749486
Bd39c2592,d39c2592,B,0.24026668287332642,-0.7232887155301431
B236afd5d,236afd5d,B,0.35672732004558383,-0.14348999058615752
B9a648d3b,9a648d3b,B,0.6200913455043194,0.11644476432114753
B0bc2ec54,0bc2ec54,B,0.06709309094645241,-0.5473753670383623
B41500f79,41500f79,B,0.3721630059445733,-0.23670726121316354
B4a568ff4,4a568ff4,B,0.1322033419818695,2.6269982466166577
Bca80d7e8,ca80d7e8,B,0.34415381870588857,-0.3312376498269964
Badce0c54,adce0c54,B,0.1299204455510761,-0.856196333840922
Bf15e21d5,f15e21d5,B,0.4890013613273469,0.9240696657282953
Bbef686a5,bef686a5,B,0.027732327813998765,-0.316834376197883
Bae5948fa,ae5948fa,B,0.08118538166517283,-1.6493892545450144
Bd8f63a79,d8f63a79,B,0.4131548801318257,1.1696201136531934
B4fb5e0c6,4fb5e0c6,B,0.3439983437858964,-3.8482956503059156
B57391f84,57391f84,B,0.10597802996823324,-0.2063075516156703
B22669227,22669227,B,0.35139159344877063,0.45561408439520096
B53a2d149,53a2d149,B,0.13375298135831604,0.8545519806361724
B3235290a,3235290a,B,0.057304304779693754,0.6174487756005327
Bf1f6019b,f1f6019b,B,0.20829154358160157,-7.238417642301973
B7ca77cec,7ca77cec,B,0.27549040576280137,-0.02680136759550793
B06d1b2f6,06d1b2f6,B,0.5187054830706542,0.3839688096289221
Bd62bc551,d62bc551,B,0.5655678950917614,-0.724622965446993
B7325ee0a,7325ee0a,B,0.5727191828388727,2.0451456417560987
B79551007,79551007,B,0.22420304841438665,-2.1442467696449192
B9f856b96,9f856b96,B,0.7971233699994378,0.5523555892279408
Baaac7a89,aaac7a89,B,0.38297960785613117,1.9979902443124968
Bc84f1e5a,c84f1e5a,B,0.13047648880568638,3.7061586882137845
B3ed9037c,3ed9037c,B,0.6126752778313483,-1.3732603100745657
B987b3732,987b3732,B,0.34908046953462696,1.6791787816538895
B44e4fc90,44e4fc90,B,0.5575205891819097,-2.3281186274217043
Bf4715df8,f4715df8,B,0.08467226792172093,1.1695746175206811
B090d1d31,090d1d31,B,0.07344238107550528,1.456027475997104
Bfbd5ae18,fbd5ae18,B,0.2870382198498719,0.7836777604777376
Bc2070f5f,c2070f5f,B,0.6728136640330383,4.594426741703642
Bf48d4b9d,f48d4b9d,B,0.5890197648069424,3.574884229592933
B938906d3,938906d3,B,0.24395340015563594,-3.4655828483548565
Bb0f1d2f6,b0f1d2f6,B,0.0806215879671004,-0.3222654939139322
Bfe326236,fe326236,B,0.709001574309819,0.16515626958605006
B61a0b133,61a0b133,B,0.5626694645961652,0.5930159629737912
Bab6687ca,ab6687ca,B,0.254944607535088,0.050689042839801524
B47c16587,47c16587,B,0.44404695074914496,-0.706390685720282
Bc5e3a2f3,c5e3a2f3,B,0.5934137587208983,-2.38642728724606
B6bef4bdd,6bef4bdd,B,0.966574912900953,-2.009896108544601
Bd138cffd,d138cffd,B,0.15469392672822657,-0.6755846984170992
B7f92a633,7f92a633,B,0.2451197932859281,-0.5452242339620865
Be9de71e7,e9de71e7,B,0.09717934651184275,-0.914174329765739
B568e9a48,568e9a48,B,0.5060878997227763,-0.07710039372512847
Ba77dca83,a77dca83,B,0.16060704103844275,-0.17437454918577736
B901d56c2,901d56c2,B,0.2728479392535414,0.3537941972796591
Bd66ce513,d66ce513,B,0.4554044309542791,1.4755847221694836
B897a230d,897a230d,B,0.22515518558089845,-0.23113182175475042
Bfbc693a4,fbc693a4,B,0.48878522910845446,0.2748281208164997
Be7269323,e7269323,B,0.0031861240040046194,29.321421894352564
B182729af,182729af,B,0.10624478549471911,-0.25187228630018554
B1a06950b,1a06950b,B,0.5507892712820551,-21.086831827980294
B569c9d81,569c9d81,B,0.033604327367658476,-0.9653207484674995
B252a021b,252a021b,B,0.10968797429348832,-6.997960633426401
B0a462ddc,0a462ddc,B,0.029591325827387775,0.3084878130120716
B59ac23b6,59ac23b6,B,0.7399797308075982,-0.28561597574353004
B360fdfe5,360fdfe5,B,0.13782587460977072,-1.4117982482446514
B769ca92e,769ca92e,B,0.2279817211673421,-10.311825181617566
B76241ad7,76241ad7,B,0.15269755152149794,1.396170081915419
B993d435d,993d435d,B,0.49543694095421437,14.9659080288693
B94964e75,94964e75,B,0.4183555236216294,-1.5815357718049792
B10c8e0a7,10c8e0a7,B,0.5874198906748865,1.604820278600814
Ba2a3a1da,a2a3a1da,B,0.11684177939086633,-1.4706212394766587
B7112e21b,7112e21b,B,0.538949519628048,-0.5345696345267614
B7f2fb689,7f2fb689,B,0.4828264032120202,-2.0887470636533947
B8f66609d,8f66609d,B,0.29180280122348956,-3.352347027297323
B96d98279,96d98279,B,0.6266075987562804,0.6055603694773088
B5d20deaf,5d20deaf,B,0.15387233482704352,-0.10914672822848646
Bf6d785e6,f6d785e6,B,0.3167146405539774,2.9857411060053822
Ba48dbbc3,a48dbbc3,B,0.30932727044444763,-4.4710044831554825
Bff01dea3,ff01dea3,B,0.5387505446087621,-0.7475903421678756
B3beff8c6,3beff8c6,B,0.34023287224306364,3.033681831572199
B31d46904,31d46904,B,0.3456489930067221,5.889334115488903
B93f7aa1b,93f7aa1b,B,0.09602634145102293,-0.21891898238623436
B01f2556f,01f2556f,B,0.5058893086579801,-30.12130167753832
Bc9058ead,c9058ead,B,0.04366927667502531,-0.497492766826994
B4c63b35a,4c63b35a,B,0.26571780832533515,1.3140591286729022
B71a7cbd9,71a7cbd9,B,0.37121392809784143,0.6927319560214769
B813bda2e,813bda2e,B,0.5965520749026633,37.920524904946944
B29813c1e,29813c1e,B,0.7678303535552705,-0.4920240963309903
Bd6103fdb,d6103fdb,B,0.16708408317375303,0.6375646392016905
Be2341c24,e2341c24,B,0.12641704922411812,0.2920239881518285
B61fc059d,61fc059d,B,0.050479497702117376,-5.56979560324433
B177b3f3c,177b3f3c,B,0.35526094651942963,3.0024680848632634
B20105baf,20105baf,B,0.11817323168324313,0.11407816335464763
B80e81c4b,80e81c4b,B,0.4898527425326103,0.8850406837865724
B3965b5f4,3965b5f4,B,0.4083096912213159,-4.855243016411864
B065469e7,065469e7,B,0.14475941950918234,-1.0542761260089875
B5106490c,5106490c,B,0.6567185972260332,24.474422190075035
B8881659d,8881659d,B,0.3582314120909216,-0.636067886422437
Bb630ad89,b630ad89,B,0.40671844428371723,1.6263224440374515
B14665cdd,14665cdd,B,0.6345378758294606,-4.656143050746634
B4ebc2da4,4ebc2da4,B,0.6989457561788938,-3.3749298255211513
B3a4023bb,3a4023bb,B,0.34637475286587954,1.0915634875248452
B30c73efd,30c73efd,B,0.527973293870168,-0.5014591047447776
B881d7270,881d7270,B,0.2136255003569851,-0.005591247776161538
B59e7d00c,59e7d00c,B,0.2217335067192991,-0.8182505298781519
B94facbad,94facbad,B,0.3079752649195177,-0.7812731402925859
Bfad20640,fad20640,B,0.3504158979431792,0.3886346392556837
Bd9d7a7a6,d9d7a7a6,B,0.2184694206157278,0.16848095269415045
B175e1c6c,175e1c6c,B,0.030692648507673247,0.5375696432194278
Bcda03215,cda03215,B,0.4359229970215897,-1.023721199172465
B1baa25f5,1baa25f5,B,0.2548992750290593,-0.21586907869733574
B81c29d00,81c29d00,B,0.6547066166108825,-0.331569008652061
B437b2457,437b2457,B,0.5983004584735214,-1.7059835271585042
B118b11b7,118b11b7,B,0.0733088190231415,1.0345047262000024
B3663d32f,3663d32f,B,0.1604155779672437,-1.1623495804683042
Ba839f68e,a839f68e,B,0.08229331134294139,5.223993472323442
Bd7d5d256,d7d5d256,B,0.5410507784545333,0.49310493782228754
Bc0c51702,c0c51702,B,0.4082327455516577,0.7986284143682261
Bdc2b50b1,dc2b50b1,B,0.5081873965039778,0.10992000858749022
B6d1541c3,6d1541c3,B,0.22364178226879544,-1.5130207518614027
B3bc23c17,3bc23c17,B,0.21664080310348596,1.3843970226803053
Be1e7585e,e1e7585e,B,0.12278347601897913,4.536866903068119
B96e34b9e,96e34b9e,B,0.07828722274976085,-0.11334707511744116
B573d0fdb,573d0fdb,B,0.8172092134804606,-0.36848488287401826
B5fc4a9e0,5fc4a9e0,B,0.4245420690156206,0.852886927132202
Bc38110a7,c38110a7,B,0.4199152106135275,23.067978639705775
B39e0959a,39e0959a,B,0.8652537233606512,-6.197371212152018
B22573984,22573984,B,0.03140160174956282,-0.29124269656270513
Bcd6ee546,cd6ee546,B,0.2582115516454864,0.229321399231161
Bd137e974,d137e974,B,0.272262275650041,-3.0490013721662894
B40108a96,40108a96,B,0.23193705288495892,1.1006511349371995
Bbe052687,be052687,B,0.03508619930625308,-0.6676125726286781
Bb60e7b9e,b60e7b9e,B,0.16948890927550944,0.24169965206400337
Bd3d286c0,d3d286c0,B,0.4389835292193559,1.2742640949067499
B0766dee9,0766dee9,B,0.31102985423223417,-70.67259619532697
B952a4f92,952a4f92,B,0.5287654634073313,-0.8274291458940864
Be0710698,e0710698,B,0.3940860505676857,6.194005236937297
B77140a1d,77140a1d,B,0.15639225131380555,0.2242070340963346
B4faa2778,4faa2778,B,0.45371383048530156,-0.549545623730037
B9356e5e6,9356e5e6,B,0.15611473654046276,1.5547315268367186
B38a94e28,38a94e28,B,0.04792302460603886,2.0180423851433575
B02dec5e1,02dec5e1,B,0.7442056201874223,-1.138625163625506
B3330348d,3330348d,B,0.6198305035753197,-0.4344461849440232
B5718bd3f,5718bd3f,B,0.2490219441380982,-0.23975551366801784
B05360690,05360690,B,0.2961116884392958,-1.5829929906770963
Bc5c965ab,c5c965ab,B,0.1510410868565704,-0.06892745551093714
B3dd4b615,3dd4b615,B,0.008408973863256496,-0.1807167599853678
B8322dc9b,8322dc9b,B,0.33133824377393073,-0.33269094121742027
B25ec059e,25ec059e,B,0.4523642270786805,2.878311928274177
Bd312ce7a,d312ce7a,B,0.8075481263616225,3.289565668213822
B0fbecb51,0fbecb51,B,0.7510843682201668,-5.705217574095452
B0d911d3c,0d911d3c,B,0.6279338050701582,-0.04258143897779523
Bea7d3e3a,ea7d3e3a,B,0.288942108981892,-0.6748481523988765
B269f438f,269f438f,B,0.6577506513532347,-0.5988428515824017
Bd0c710df,d0c710df,B,0.7874599788252841,-0.24517452301685552
B76f5664e,76f5664e,B,0.42134243403860827,-1.9902566049554629
B034ea5d0,034ea5d0,B,0.15419008062366238,21.371414007950467
B10da00ec,10da00ec,B,0.3006887667501611,0.8618524546148997
B6769745a,6769745a,B,0.2685624400598298,0.2110593505295392
Bb0399f70,b0399f70,B,0.211322318462004,-1.551609449205011
B377ff7d3,377ff7d3,B,0.38703458688454706,0.3312037724932095
B49d67d4d,49d67d4d,B,0.8290917564951115,-5.003853386812272
B89eb02a1,89eb02a1,B,0.5069040450232226,0.20725851600188103
B895472ca,895472ca,B,0.10503137867908591,0.9673891941581846
Bd80d2413,d80d2413,B,0.28918839544417274,-4.925825523486142
B812dd536,812dd536,B,0.27458748193981475,1.2367152874712184
B568a57b2,568a57b2,B,0.17456700483508597,-0.25465245963457533
B010c3f39,010c3f39,B,0.3112322443127085,2.321802601177602
B619d5e37,619d5e37,B,0.10083268561587788,10.70706806467301
B88d872e4,88d872e4,B,0.46933334094997753,-1.54407544543564
B9739b50f,9739b50f,B,0.14698846799506254,2.1266520852306647
Bf082aea2,f082aea2,B,0.740311143505961,0.12979797344646155
Ba5532cc3,a5532cc3,B,0.2261403788476456,-0.6262995938154022
Bfbbf2896,fbbf2896,B,0.3287554020954477,5.0888249697348025
Ba20de630,a20de630,B,0.5866415772479167,-0.5102828298601204
B7a449ac6,7a449ac6,B,0.020040552808259195,-0.003414468454972726
B921061e3,921061e3,B,0.0303552913594439,0.7069851578540656
B3e115ac3,3e115ac3,B,0.7229660193456507,0.8970270832444818
B82f107f5,82f107f5,B,0.03301938566854271,-15.83256042129155
Bcd05b624,cd05b624,B,0.5203292614081838,1.7375780526822502
Bbc7bbaa7,bc7bbaa7,B,0.34866897652757806,0.1607787613657811
B023b4154,023b4154,B,0.597120792385353,0.05923287501135813
Bf0234899,f0234899,B,0.043598121802307335,4.609602042509509
B21a3140e,21a3140e,B,0.008223578730331079,7.1043717322371664
Bc3922a23,c3922a23,B,0.10666980249547166,-1.2494618600539231
B4ba8e91b,4ba8e91b,B,0.14391721263686347,5.032888326780004
B97be0c7b,97be0c7b,B,0.030193099892363472,-23.751079483437383
B2a8d1b6b,2a8d1b6b,B,0.5008779239101757,-2.742156033842197
Bba7cf650,ba7cf650,B,0.31556128036641373,-1.3277089317288844
B5092e9fd,5092e9fd,B,0.30678498459205783,1.7207066843381102
B48768c13,48768c13,B,0.06711374231334881,-0.6337295864150964
B1ef06cb4,1ef06cb4,B,0.10576954086632595,0.9230173032874995
Bc8042ac7,c8042ac7,B,0.9023302666402054,-0.421255946111667
B6ae5b4c9,6ae5b4c9,B,0.39520413857484105,0.1330034207423923
Bf37b63d7,f37b63d7,B,0.02132653503348129,2.3393125675436397
B2d42a72b,2d42a72b,B,0.17210821916673674,31.662897850262354
Bb426bfad,b426bfad,B,0.2713746998847217,-2.167766122303612
Be271903d,e271903d,B,0.5112087479886923,-0.7363714304864765
Bcd9588fc,cd9588fc,B,0.21031359475155653,0.23869614292830169
B9c24d029,9c24d029,B,0.4604695991043792,3.223234468527512
B8e80383c,8e80383c,B,0.8737232943658997,0.7868552355803834
B6bad4423,6bad4423,B,0.16607480458052876,5.854195300615436
C2b6115fd,2b6115fd,C,0.2390500466987599,3.2174450750771477
Cc51c9cf1,c51c9cf1,C,0.5522244788666053,0.7995916700941774
C7534d3a0,7534d3a0,C,0.4341795094213658,-11.271427220254244
C73fc5642,73fc5642,C,5.469751249827802e-4,-0.263327677472429
Ce020e4bd,e020e4bd,C,0.0962635823923663,0.5208510756920534
Cc0d3b0fe,c0d3b0fe,C,0.01685948064368351,-0.12183465159243671
C2edfed41,2edfed41,C,0.06500316181017349,2.4142467876058795
Cd38a4bbe,d38a4bbe,C,0.29792804277559415,-0.8729759080229107
C5ee0f97f,5ee0f97f,C,0.3582541050947755,1.061638540579269
Cd791c03d,d791c03d,C,0.4504880490332603,0.28986746778698425
C716ec591,716ec591,C,0.012385848476368972,-1.1285802927558783
Cf88d3ab5,f88d3ab5,C,0.7122378043017703,-0.6168115384952749
C429b65a6,429b65a6,C,0.747738288373318,0.41299213839130444
C3638155a,3638155a,C,0.20305305218130573,0.6091684588019436
C9ce4930a,9ce4930a,C,0.2593154556172245,-2.0772657600374456
Cf0968cbc,f0968cbc,C,0.3472337790766664,1.262009688652015
Ce413c9a9,e413c9a9,C,0.6768131150993365,0.411596279996993
C5dc40807,5dc40807,C,0.8738657866769443,-0.06466404074221667
Cdec8db56,dec8db56,C,0.5107981102715254,-0.214076792107088
C25df779b,25df779b,C,0.3760743115980209,5.058347205110092
C99248c71,99248c71,C,0.06651086354760118,-2.928762557438079
Cdd5aa1c7,dd5aa1c7,C,0.6892057308156259,1.6684328646147584
Cd0f3116e,d0f3116e,C,0.7796151851728208,4.773903398209603
Cd54fca43,d54fca43,C,0.5570191076648406,-0.05858997382372786
C6e968b78,6e968b78,C,0.4136527917137261,-22.693152514464444
Cff6e10b8,ff6e10b8,C,0.17467178694563024,-6.656457362495334
C87a5811d,87a5811d,C,0.025335604507585336,-0.3865697764200647
C891c4eb2,891c4eb2,C,0.3627791612575318,-0.8667293921546659
Caeac5e8c,aeac5e8c,C,0.3703487968699252,1.573224168663552
C5de49801,5de49801,C,0.5061383071862444,-9.901067169428565
C8e19476a,8e19476a,C,0.4624798864580129,-0.034657009945655286
C2a32393d,2a32393d,C,0.3123442663269917,-0.7805136418482016
C3b2450b1,3b2450b1,C,0.14511663770974798,-1.571297908426835
C8882c792,8882c792,C,0.23479432744241946,-5.016950544420843
C50a09695,50a09695,C,0.037260513285033076,-18.958872309848815
Caa54830c,aa54830c,C,0.2885109883953535,7.378987486946023
Cf8cb44f9,f8cb44f9,C,0.13063770491098187,-1.769107402373311
C21b702c9,21b702c9,C,0.4714889455844973,0.5481264840760209
C9071dd07,9071dd07,C,0.8619347878585162,19.761628720247323
Cf9200e0d,f9200e0d,C,0.13669794045619585,-1.2871588873169812
C3be8e904,3be8e904,C,0.09841190817769008,0.4619858256313561
Ca3cb7424,a3cb7424,C,0.17489783454130758,-1.6800447347433827
C2d35e45c,2d35e45c,C,0.44063358204349184,0.6340754173282781
Cd0c4853c,d0c4853c,C,0.3052792824177641,-1.8071089849639042
C71989001,71989001,C,0.3138677294466929,-4.743057498304714
C28790818,28790818,C,0.8092878438747944,-1.16074898364442
Cfcec12c0,fcec12c0,C,0.5379831530026418,-1.7975001431720845
C055f348b,055f348b,C,0.6104420435367108,-4.509605278895259
Cf0e93509,f0e93509,C,0.3005342934426397,-8.216965927225871
C260a1c9f,260a1c9f,C,0.23814411741009647,-1.8235494323475185
Cf888da1c,f888da1c,C,0.2465361803689234,-0.24474727755335096
Cfd7b14fe,fd7b14fe,C,0.015386309524154505,0.012071228668810389
Ceb2d0efe,eb2d0efe,C,0.13594205261089,0.45040930369100074
C983642cd,983642cd,C,0.0070785135642433055,0.05645646237971061
Cd39c2592,d39c2592,C,0.05785416499091511,-1.3584094305855159
C236afd5d,236afd5d,C,0.4863194185205202,5.849529603446685
C9a648d3b,9a648d3b,C,0.4732163299216362,-3.242083911240866
C0bc2ec54,0bc2ec54,C,0.07310445240325258,4.584669702526795
C41500f79,41500f79,C,0.48823915784950617,-1.9342268118348886
C4a568ff4,4a568ff4,C,0.1157608647780744,8.45628301771188
Cca80d7e8,ca80d7e8,C,0.8547345212113849,15.992002424687453
Cadce0c54,adce0c54,C,0.22105048800815694,4.037284428174069
Cf15e21d5,f15e21d5,C,0.04302765956450947,-0.09734843834020804
Cbef686a5,bef686a5,C,0.15413575566669932,-0.07658880480430111
Cae5948fa,ae5948fa,C,0.009832791724083342,-2.647700953518474
Cd8f63a79,d8f63a79,C,0.5887883110082874,-0.2812910485126224
C4fb5e0c6,4fb5e0c6,C,0.45114388815154016,0.09255769048637831
C57391f84,57391f84,C,0.4347449694865679,-0.9371302423709077
C22669227,22669227,C,0.4333335876476937,-0.7117538059477062
C53a2d149,53a2d149,C,0.24871000961152498,-1.652234092233681
C3235290a,3235290a,C,0.22377052199349926,0.8367585864555368
Cf1f6019b,f1f6019b,C,0.1929023887156225,1.567783464492001
C7ca77cec,7ca77cec,C,0.5999406055803275,0.5961951201393711
C06d1b2f6,06d1b2f6,C,0.178368749896014,19.985079344178175
Cd62bc551,d62bc551,C,0.32642388629994035,-0.37375312900431773
C7325ee0a,7325ee0a,C,0.13479896932328725,-1.0434183015862557
C79551007,79551007,C,0.4993300892406406,0.3774651333812674
C9f856b96,9f856b96,C,0.8837656407154523,0.3809834956882381
Caaac7a89,aaac7a89,C,0.39567520912815213,0.19304289448869105
Cc84f1e5a,c84f1e5a,C,0.0507955778490085,0.026686850442000837
C3ed9037c,3ed9037c,C,0.1635691215029085,2.865491670680036
C987b3732,987b3732,C,0.7273964941538689,-0.6261327853526185
C44e4fc90,44e4fc90,C,0.04743259153856562,-1.4478745571524114
Cf4715df8,f4715df8,C,0.4288355589981118,-0.7695665879674126
C090d1d31,090d1d31,C,0.16253841703597094,-1.7745708760933316
Cfbd5ae18,fbd5ae18,C,0.008519558852565542,-0.45583555198724346
Cc2070f5f,c2070f5f,C,0.29391606082677935,-35.72728904870424
Cf48d4b9d,f48d4b9d,C,0.1331733942197513,-3.8426002348417594
C938906d3,938906d3,C,0.3159523964833856,-0.8987594041926461
Cb0f1d2f6,b0f1d2f6,C,0.708937575106364,-2.4921980015735357
Cfe326236,fe326236,C,0.5128478751051477,1.0103729567740922
C61a0b133,61a0b133,C,0.02596491258512206,-36.2226405732376
Cab6687ca,ab6687ca,C,0.4429227596441579,2.7705846537034162
C47c16587,47c16587,C,0.2006639511425828,-2.6073263455692186
Cc5e3a2f3,c5e3a2f3,C,0.05896356270568311,-0.8802432949170954
C6bef4bdd,6bef4bdd,C,0.4662498874759861,0.23648852382204835
Cd138cffd,d138cffd,C,0.4587565340108919,-0.24414101643821826
C7f92a633,7f92a633,C,0.47713061362174464,-1.559581653110915
Ce9de71e7,e9de71e7,C,0.733720063898667,10738.173406126749
C568e9a48,568e9a48,C,0.819822576315944,1.6002623829855738
Ca77dca83,a77dca83,C,0.05718669672863967,1.8644414390741537
C901d56c2,901d56c2,C,0.5414887206346861,0.22091385982736034
Cd66ce513,d66ce513,C,0.5302338183779003,6.9291206722830045
C897a230d,897a230d,C,0.40569377046156074,-0.33595987980744974
Cfbc693a4,fbc693a4,C,0.2896909667304012,-14.671248022945068
Ce7269323,e7269323,C,0.4300195529294232,9.496819759294059
C182729af,182729af,C,0.6056422598448091,1.1198363349036948
C1a06950b,1a06950b,C,0.28963224100828433,3.7540555213828424
C569c9d81,569c9d81,C,0.16896676909695996,0.24983255195926438
C252a021b,252a021b,C,0.5296164289215252,-2.602859113162697
C0a462ddc,0a462ddc,C,0.016555343068230182,1.9461379969802854
C59ac23b6,59ac23b6,C,0.11361636769137826,9.043053008481015
C360fdfe5,360fdfe5,C,0.2712228159545082,-3.0046142399412266
C769ca92e,769ca92e,C,0.5711352325509278,0.59386694042219
C76241ad7,76241ad7,C,0.5996592183704941,-0.7199229101735695
C993d435d,993d435d,C,0.2987905956950392,-1.5946440872923855
C94964e75,94964e75,C,0.4868240518627246,1.4346486135315355
C10c8e0a7,10c8e0a7,C,0.06060757073461668,1.359586506313037
Ca2a3a1da,a2a3a1da,C,0.636466333903011,1.3143128569902696
C7112e21b,7112e21b,C,0.22085786629417245,0.5505061500881084
C7f2fb689,7f2fb689,C,0.12909656959922572,-6.107062950332037
C8f66609d,8f66609d,C,0.1841116783238398,-1.613097836170049
C96d98279,96d98279,C,0.2668165788511011,3.7341683237364327
C5d20deaf,5d20deaf,C,0.004790701917297101,3.310203529252215
Cf6d785e6,f6d785e6,C,0.49683804295666506,-1.0850357751902056
Ca48dbbc3,a48dbbc3,C,0.04374448905016675,3.0498308660417406
Cff01dea3,ff01dea3,C,0.7034573342594516,0.4323166147873217
C3beff8c6,3beff8c6,C,0.13698538417375727,0.27740681233338915
C31d46904,31d46904,C,0.0744945104937726,0.006631015494050336
C93f7aa1b,93f7aa1b,C,0.4793931853640316,1.784334211518884
C01f2556f,01f2556f,C,0.27195522050599474,-0.24804961475911402
Cc9058ead,c9058ead,C,0.5691619583848683,-0.962981615014999
C4c63b35a,4c63b35a,C,0.37856735809276437,1.7573782116609864
C71a7cbd9,71a7cbd9,C,0.5420755574647159,-6.389177845944151
C813bda2e,813bda2e,C,0.41897066329720806,2.5854647110604954
C29813c1e,29813c1e,C,0.03542753497070062,-0.2445954818324787
Cd6103fdb,d6103fdb,C,0.04673973777640454,-1.5251518382701592
Ce2341c24,e2341c24,C,0.12012474267295055,-0.3898313916691358
C61fc059d,61fc059d,C,0.12785368350679446,-1.2708279144600245
C177b3f3c,177b3f3c,C,0.6006505218474045,0.5690713144324736
C20105baf,20105baf,C,0.10048749176789692,-7.012645776396264
C80e81c4b,80e81c4b,C,0.5698957171814496,-6.283004676945863
C3965b5f4,3965b5f4,C,0.14052062806643753,0.762662547853922
C065469e7,065469e7,C,0.5993912415125544,0.1415924149053559
C5106490c,5106490c,C,0.47330701935620234,-0.7161738484398663
C8881659d,8881659d,C,0.5993377349320952,0.5135200548880359
Cb630ad89,b630ad89,C,0.26148306629657986,-0.268221174098512
C14665cdd,14665cdd,C,0.9757567751361095,-0.50271029486049
C4ebc2da4,4ebc2da4,C,0.05537001584848321,-0.5494464881590057
C3a4023bb,3a4023bb,C,0.0876699194279669,-1.5201764097508936
C30c73efd,30c73efd,C,0.2876070782705595,-1.8401431219396334
C881d7270,881d7270,C,0.1126168840687436,0.15153659926443
C59e7d00c,59e7d00c,C,0.10016350292128223,4.973056850679431
C94facbad,94facbad,C,0.11178395992002438,-0.1063113151857198
Cfad20640,fad20640,C,0.4546350586536877,0.5474499862928441
Cd9d7a7a6,d9d7a7a6,C,0.3360290831227678,-1.333497157547874
C175e1c6c,175e1c6c,C,0.4104441259771634,0.22056546136453814
Ccda03215,cda03215,C,0.18376022562503894,-0.9470656519588956
C1baa25f5,1baa25f5,C,0.204680769845235,5.805268223392661
C81c29d00,81c29d00,C,0.6655086701936452,-0.1954548840919183
C437b2457,437b2457,C,0.38511462262461316,4.40700041563538
C118b11b7,118b11b7,C,0.038407734885057436,13.328537391882636
C3663d32f,3663d32f,C,0.1328546878568068,-1.0369617167316783
Ca839f68e,a839f68e,C,0.3573327401049884,-3.293983089770018
Cd7d5d256,d7d5d256,C,0.12133875819381197,0.3798364139377984
Cc0c51702,c0c51702,C,0.028652346371772736,-0.48210521633331577
Cdc2b50b1,dc2b50b1,C,0.36468476634804065,0.24350428299005164
C6d1541c3,6d1541c3,C,0.07201827496023396,0.5058832556372579
C3bc23c17,3bc23c17,C,0.6000442597592034,-0.4962333776009444
Ce1e7585e,e1e7585e,C,0.12904346082693885,0.6712173595746656
C96e34b9e,96e34b9e,C,0.325187950350514,-3.7735713983792927
C573d0fdb,573d0fdb,C,0.5428724962103894,7.620223443705001
C5fc4a9e0,5fc4a9e0,C,0.6071577343969553,0.06777886762302975
Cc38110a7,c38110a7,C,0.5127733132022142,-0.3193753618574361
C39e0959a,39e0959a,C,0.13571806559713376,0.3705604247031465
C22573984,22573984,C,0.38644024170996505,-0.4136809940898239
Ccd6ee546,cd6ee546,C,0.4779285807997005,-1.6252374988415161
Cd137e974,d137e974,C,0.012054420806403293,9.343073724516914
C40108a96,40108a96,C,0.8591686595643712,0.3123412411516206
Cbe052687,be052687,C,0.8633445887868049,-2.0495540491754163
Cb60e7b9e,b60e7b9e,C,0.4112438091297935,-0.04799738259423153
Cd3d286c0,d3d286c0,C,0.4024370040815095,-0.11318592469322954
C0766dee9,0766dee9,C,0.18734481886330515,-0.07277990094066099
C952a4f92,952a4f92,C,0.782042185242056,0.15067139629667117
Ce0710698,e0710698,C,0.2615047790795344,1.3825464298087389
C77140a1d,77140a1d,C,0.6840375710694065,4.442769739621072
C4faa2778,4faa2778,C,0.2533459930316146,-0.13363766963738652
C9356e5e6,9356e5e6,C,0.27521344152160676,0.12087391347939368
C38a94e28,38a94e28,C,0.004363895203012655,-0.8876076508821268
C02dec5e1,02dec5e1,C,0.45833843361656984,6.343265876839685
C3330348d,3330348d,C,0.7482942848088624,1.5909425361093459
C5718bd3f,5718bd3f,C,0.12108497555951865,0.688175769866114
C05360690,05360690,C,0.10512366969529115,3451.8267760101635
Cc5c965ab,c5c965ab,C,0.3577641083765947,-0.2557742026682437
C3dd4b615,3dd4b615,C,0.2840347285086673,-0.222326754802396
C8322dc9b,8322dc9b,C,0.036727664489770204,-0.2668634845959896
C25ec059e,25ec059e,C,0.05987912988622721,-1.9475110164239886
Cd312ce7a,d312ce7a,C,0.48175304706816935,-0.4159120358693694
C0fbecb51,0fbecb51,C,0.5189841370383926,2.8230454949908084
C0d911d3c,0d911d3c,C,0.7242991246945566,0.045624505702486495
Cea7d3e3a,ea7d3e3a,C,0.1246859994511548,-0.9781332514319696
C269f438f,269f438f,C,0.2586273823237266,0.3024005078672889
Cd0c710df,d0c710df,C,0.4553370976641948,-18.682460508297687
C76f5664e,76f5664e,C,0.39229277060706597,0.7432453715851736
C034ea5d0,034ea5d0,C,0.2758801192495892,1.2373315063660961
C10da00ec,10da00ec,C,0.17655652129715105,-0.29006856512071433
C6769745a,6769745a,C,0.5276831544009847,0.527203151997516
Cb0399f70,b0399f70,C,0.21756836287642162,-0.3026690234879618
C377ff7d3,377ff7d3,C,0.7923436239155752,11.311946251621494
C49d67d4d,49d67d4d,C,0.3333773122497888,-0.010197443249159093
C89eb02a1,89eb02a1,C,0.08991317656214703,2.3926231262878903
C895472ca,895472ca,C,0.8086327980941741,0.5178793079812058
Cd80d2413,d80d2413,C,0.4154121202849276,6.005064264780293
C812dd536,812dd536,C,0.3947907346410311,-5.88079791952839
C568a57b2,568a57b2,C,0.11251303265679342,-0.7256766971904544
C010c3f39,010c3f39,C,0.5352673534417366,0.13484894205643042
C619d5e37,619d5e37,C,0.5966752410638764,-1.1948476792698244
C88d872e4,88d872e4,C,0.5849300377457081,-1.2465147063751754
C9739b50f,9739b50f,C,0.3351726556981516,0.6712269967286707
Cf082aea2,f082aea2,C,0.3340875886096483,0.4047289772378981
Ca5532cc3,a5532cc3,C,0.3307024549573715,0.20224980961392244
Cfbbf2896,fbbf2896,C,0.7507986770246483,81.62223929072955
Ca20de630,a20de630,C,0.2373104091104119,-0.32656422008824504
C7a449ac6,7a449ac6,C,0.10715051125594871,1.01556715349637
C921061e3,921061e3,C,0.6542047289973019,-0.33628263118612695
C3e115ac3,3e115ac3,C,0.3322614278476958,-0.2651350307649525
C82f107f5,82f107f5,C,0.22032230026246385,-1.943173167479117
Ccd05b624,cd05b624,C,0.2905129479572702,3.6341018279914805
Cbc7bbaa7,bc7bbaa7,C,0.4366647912294988,0.24543081543113912
C023b4154,023b4154,C,0.13850086766023859,12.72807660362371
Cf0234899,f0234899,C,0.26507401540513126,1.4273648978704476
C21a3140e,21a3140e,C,0.28307506792537235,4.434529217766419
Cc3922a23,c3922a23,C,0.21108204230935262,6.358097731774816
C4ba8e91b,4ba8e91b,C,0.023641525438489023,-1.8388283212747698
C97be0c7b,97be0c7b,C,0.5255352610006214,-1.299371609306802
C2a8d1b6b,2a8d1b6b,C,0.6262814336456263,0.2099775372413619
Cba7cf650,ba7cf650,C,0.4029692798266194,-1.0001584773061298
C5092e9fd,5092e9fd,C,0.6129562222734891,4.801043802514454
C48768c13,48768c13,C,0.1464677491448443,28.62513825258639
C1ef06cb4,1ef06cb4,C,0.5592611075486937,-0.7791697789523908
Cc8042ac7,c8042ac7,C,0.09609795307828194,-3.038068760287273
C6ae5b4c9,6ae5b4c9,C,0.9412570457986396,-1.0332286728548146
Cf37b63d7,f37b63d7,C,0.7058472408169317,-0.8954164294232811
C2d42a72b,2d42a72b,C,0.43160803671439596,0.24632581549646365
Cb426bfad,b426bfad,C,0.2126670113853949,0.13631747544084494
Ce271903d,e271903d,C,0.5624214039663755,-2.0150312850886447
Ccd9588fc,cd9588fc,C,0.21405943045009082,-0.4910406409048102
C9c24d029,9c24d029,C,0.3536801815731686,-6.222017237333938
C8e80383c,8e80383c,C,0.2742765005619687,0.9003333798795433
C6bad4423,6bad4423,C,0.2557814075423761,1.0763666305208246
D2b6115fd,2b6115fd,D,0.6679221012569001,-2.9424822015351757
Dc51c9cf1,c51c9cf1,D,0.2832898457926839,2.198800841176241
D7534d3a0,7534d3a0,D,0.231340963349028,0.12241195860989354
D73fc5642,73fc5642,D,0.06385312028008612,-0.37324241226628707
De020e4bd,e020e4bd,D,0.2591697094874868,-0.8777098659672701
Dc0d3b0fe,c0d3b0fe,D,0.04809817278508898,-2.768329422570274
D2edfed41,2edfed41,D,0.6223889383826211,-0.7438246884989861
Dd38a4bbe,d38a4bbe,D,0.030691717140868303,0.8953649131954772
D5ee0f97f,5ee0f97f,D,0.2848230844618864,1.6665583322600117
Dd791c03d,d791c03d,D,0.14165041605189857,0.765136348852297
D716ec591,716ec591,D,0.2895663116408732,35.35013018044547
Df88d3ab5,f88d3ab5,D,0.06291583463367681,-1.7214783476936102
D429b65a6,429b65a6,D,0.5084777984633512,-1.2513341069091726
D3638155a,3638155a,D,0.16503072437335203,3.778236606186429
D9ce4930a,9ce4930a,D,0.29060370956995263,0.04751564685720879
Df0968cbc,f0968cbc,D,0.06763073808448805,-0.30088598259152394
De413c9a9,e413c9a9,D,0.6598477101819925,0.3415508171448008
D5dc40807,5dc40807,D,0.4059795912281948,3.7632149635812078
Ddec8db56,dec8db56,D,0.045605520743171306,-1.4039460000544939
D25df779b,25df779b,D,0.2509166670635457,1.6545549232895198
D99248c71,99248c71,D,0.21947893809672478,1.402854113952628
Ddd5aa1c7,dd5aa1c7,D,0.4910193892242203,-2.726558555593875
Dd0f3116e,d0f3116e,D,0.14802429042182236,2.5049120633782946
Dd54fca43,d54fca43,D,0.8005589598860292,-0.43911472141677704
D6e968b78,6e968b78,D,0.19502950722480797,-0.6117839699487558
Dff6e10b8,ff6e10b8,D,0.9477765463591766,-0.6864601499847126
D87a5811d,87a5811d,D,0.48893634847911416,-0.05331645223965369
D891c4eb2,891c4eb2,D,0.024106039299969594,-0.42817490102312966
Daeac5e8c,aeac5e8c,D,0.9654018538888645,5.086305218970823
D5de49801,5de49801,D,0.06540480209522125,-1.0587482187396575
D8e19476a,8e19476a,D,0.33808053006449684,-1.2991512372692102
D2a32393d,2a32393d,D,0.047811511119174935,-3.492057592037786
D3b2450b1,3b2450b1,D,0.2544551528310144,-0.22954699764468325
D8882c792,8882c792,D,0.8016120056022732,0.07183804457277582
D50a09695,50a09695,D,0.4797559996283569,0.7644658557745041
Daa54830c,aa54830c,D,0.17364919288741656,12.904155994032209
Df8cb44f9,f8cb44f9,D,0.3470669406164402,0.8847940007330423
D21b702c9,21b702c9,D,0.11005573295766845,1.688478100414242
D9071dd07,9071dd07,D,0.3199161538805735,-30.41632885582886
Df9200e0d,f9200e0d,D,0.3726982753442393,0.3839296501039869
D3be8e904,3be8e904,D,0.3630901141618324,3.2742109961082293
Da3cb7424,a3cb7424,D,0.6399866556839902,0.6630718563541412
D2d35e45c,2d35e45c,D,0.0772788140749156,-0.4978085899134839
Dd0c4853c,d0c4853c,D,0.7308165981647126,0.7209698897348271
D71989001,71989001,D,0.0920782059950073,-0.22903806421253978
D28790818,28790818,D,0.35499654279385234,-0.40230977130908485
Dfcec12c0,fcec12c0,D,0.17525975213511946,-0.45627031676554514
D055f348b,055f348b,D,0.04755785982061078,-1.088845140717649
Df0e93509,f0e93509,D,0.21978896132177117,-0.7369452066173549
D260a1c9f,260a1c9f,D,0.2836769884665979,-0.9758177931955565
Df888da1c,f888da1c,D,0.1103522166903653,16.870245692428853
Dfd7b14fe,fd7b14fe,D,0.12246165007787607,-0.3635046575073002
Deb2d0efe,eb2d0efe,D,0.42626034629025733,4.0470108070097375
D983642cd,983642cd,D,0.4997225658860904,2.3067623007803775
Dd39c2592,d39c2592,D,0.030842226881360558,-7.192051534143846
D236afd5d,236afd5d,D,0.7460140384101858,-0.5820678096844776
D9a648d3b,9a648d3b,D,0.029936369371554958,-2.1207083064179018
D0bc2ec54,0bc2ec54,D,0.7239972842705616,0.5129105639465519
D41500f79,41500f79,D,0.10496190821980951,0.4807967577036205
D4a568ff4,4a568ff4,D,0.054381616182401275,2.893758663275915
Dca80d7e8,ca80d7e8,D,0.7318598850248379,-0.423894446029336
Dadce0c54,adce0c54,D,0.028641205908906394,-0.5567922280924821
Df15e21d5,f15e21d5,D,0.3297169133550469,0.7044570942965853
Dbef686a5,bef686a5,D,0.2672638043248304,-2.1738290138453427
Dae5948fa,ae5948fa,D,0.061616394922749826,3.4564114310753644
Dd8f63a79,d8f63a79,D,0.11060755669010536,5.910307849983168
D4fb5e0c6,4fb5e0c6,D,0.24938962735789505,7.0074823709060805
D57391f84,57391f84,D,0.05826352320930213,-0.1242504724739493
D22669227,22669227,D,0.001032744445614282,7.08981882963815
D53a2d149,53a2d149,D,0.31631739851140134,-1.9483229322676499
D3235290a,3235290a,D,0.41316302472695865,-0.3437332849830067
Df1f6019b,f1f6019b,D,0.2794494525989187,0.5950209394800218
D7ca77cec,7ca77cec,D,6.762186856636997e-4,-0.09736825014352189
D06d1b2f6,06d1b2f6,D,0.13158316406794002,-1.5068648955194297
Dd62bc551,d62bc551,D,0.4464784135319145,0.595444802514474
D7325ee0a,7325ee0a,D,0.5132414174654101,-4.397001772444338
D79551007,79551007,D,0.017986302681188452,0.3578486644389875
D9f856b96,9f856b96,D,0.4889876918307091,0.6509313300089845
Daaac7a89,aaac7a89,D,0.3088240428756907,-1.2760257786113225
Dc84f1e5a,c84f1e5a,D,0.5071573582852087,2.483201415802392
D3ed9037c,3ed9037c,D,0.20043783110024566,0.600101607586048
D987b3732,987b3732,D,0.4627931805610939,-3.458391052070312
D44e4fc90,44e4fc90,D,0.00400262931987227,0.10764964204022644
Df4715df8,f4715df8,D,0.005736661394817211,-2.757605269415175
D090d1d31,090d1d31,D,0.1473914024334347,0.06506433599113721
Dfbd5ae18,fbd5ae18,D,0.4520728510462758,0.3522817261714803
Dc2070f5f,c2070f5f,D,0.5008364833437389,2.4371673121871202
Df48d4b9d,f48d4b9d,D,0.6908865094694475,2.2668699820095797
D938906d3,938906d3,D,0.23754959522989338,-0.1327508189397966
Db0f1d2f6,b0f1d2f6,D,0.2058363153405835,-1.027634253808466
Dfe326236,fe326236,D,0.6968342937458606,2.8588144693182396
D61a0b133,61a0b133,D,0.4361534047697571,-1.030040952411994
Dab6687ca,ab6687ca,D,0.6600510805742624,2.020245340620427
D47c16587,47c16587,D,0.14142069840863042,0.6160487697472065
Dc5e3a2f3,c5e3a2f3,D,0.17362924037961686,0.9879850277552832
D6bef4bdd,6bef4bdd,D,0.7159226843449897,-0.178976289839036
Dd138cffd,d138cffd,D,0.6820075022914952,2.5811978353563747
D7f92a633,7f92a633,D,0.026776490040467494,-0.17132925585148687
De9de71e7,e9de71e7,D,0.4615813021908443,-0.5794543354112746
D568e9a48,568e9a48,D,0.8184820224621426,7.322093224476039
Da77dca83,a77dca83,D,0.42221792033990446,-3.837168576788967
D901d56c2,901d56c2,D,0.09386801663086657,-4.116207245566873
Dd66ce513,d66ce513,D,0.04952519086447274,2.3844850688923005
D897a230d,897a230d,D,0.005842004234886798,3.9250799737490287
Dfbc693a4,fbc693a4,D,0.15786636476413407,-0.060701562091655024
De7269323,e7269323,D,0.53129610193988,0.4241694053713675
D182729af,182729af,D,0.5409669329205844,-26.41633795971031
D1a06950b,1a06950b,D,0.012368493283046659,10.867469183514395
D569c9d81,569c9d81,D,0.29228325590276416,-0.8096730134670205
D252a021b,252a021b,D,0.23709950742356437,-2.322407400898727
D0a462ddc,0a462ddc,D,0.2999388529077308,1.0017376839826853
D59ac23b6,59ac23b6,D,0.6012844228699263,1.6421903576627264
D360fdfe5,360fdfe5,D,0.18897067715280905,10.319285306756528
D769ca92e,769ca92e,D,0.02741932421093241,-1.0682839827368402
D76241ad7,76241ad7,D,0.04790196290174291,0.7824898192981571
D993d435d,993d435d,D,0.3161423421729527,0.014973961925781536
D94964e75,94964e75,D,0.052103876781209015,0.20030648864720121
D10c8e0a7,10c8e0a7,D,0.14320812095557686,2.2589740082025687
Da2a3a1da,a2a3a1da,D,0.38239181274837936,-1.3081583486671302
D7112e21b,7112e21b,D,0.7241273759807249,-0.8632198249559625
D7f2fb689,7f2fb689,D,0.10104834132089592,-5.624265524964711
D8f66609d,8f66609d,D,0.27833683771558665,1.0828328256549162
D96d98279,96d98279,D,0.5276851741613868,-0.6731342748829482
D5d20deaf,5d20deaf,D,0.035387445038178464,0.13100065898865154
Df6d785e6,f6d785e6,D,0.27482908923764116,-0.042738600493451566
Da48dbbc3,a48dbbc3,D,0.48995776060563656,-0.8323491521890066
Dff01dea3,ff01dea3,D,0.011014892691378043,4.271273080791981
D3beff8c6,3beff8c6,D,0.6973552737810266,-3.042206855457163
D31d46904,31d46904,D,0.5791545113945704,-2.031580657643191
D93f7aa1b,93f7aa1b,D,0.16682423163147858,-8.99824436074091
D01f2556f,01f2556f,D,0.843666358307865,0.43356171618352485
Dc9058ead,c9058ead,D,0.038419566179945554,0.06579325020535645
D4c63b35a,4c63b35a,D,0.3680541547293676,0.3566799130373393
D71a7cbd9,71a7cbd9,D,0.3794648321547377,0.24334482098608684
D813bda2e,813bda2e,D,0.4566104912854764,0.03592453463788733
D29813c1e,29813c1e,D,0.31548590329763826,-0.3752695392807803
Dd6103fdb,d6103fdb,D,0.07131149254657515,-1.0990489023285703
De2341c24,e2341c24,D,0.41568031437241865,-4.635212077941354
D61fc059d,61fc059d,D,0.06384190195407628,-1.1701186282912384
D177b3f3c,177b3f3c,D,0.21563329464913436,-1.1486622388164232
D20105baf,20105baf,D,0.1833588620407436,0.46421253016750025
D80e81c4b,80e81c4b,D,0.16904807937830596,-19.926038751137
D3965b5f4,3965b5f4,D,0.0017779097282883698,0.6933269832898251
D065469e7,065469e7,D,0.013501629831814313,-1.9553158270564186
D5106490c,5106490c,D,0.1392652367338117,-0.07338632409677003
D8881659d,8881659d,D,0.8228099497899527,0.451602444155216
Db630ad89,b630ad89,D,0.08645873824413666,1.03681202989128
D14665cdd,14665cdd,D,0.37089853261360506,-0.14920183405180917
D4ebc2da4,4ebc2da4,D,0.3563606408586164,-0.7516526152684113
D3a4023bb,3a4023bb,D,0.1332420977403728,0.4228737830167705
D30c73efd,30c73efd,D,0.5618552078955514,-1.0308590833216302
D881d7270,881d7270,D,0.9138758775277117,-0.8539289272786872
D59e7d00c,59e7d00c,D,0.10475557221726557,-0.41492740827310276
D94facbad,94facbad,D,0.34116262572063427,0.6986752846768429
Dfad20640,fad20640,D,0.021983745777746255,-1.8103902617300587
Dd9d7a7a6,d9d7a7a6,D,0.4723096868820529,-1.9011257069890932
D175e1c6c,175e1c6c,D,0.010384781749894009,0.9979473066486406
Dcda03215,cda03215,D,0.6660342186464467,-0.33215097928313553
D1baa25f5,1baa25f5,D,0.6487505054622413,0.5595675882817414
D81c29d00,81c29d00,D,0.28763185527234164,-0.6730938294775254
D437b2457,437b2457,D,0.2300665049799094,-0.414917896414863
D118b11b7,118b11b7,D,0.3255912713679068,2.4187220449169513
D3663d32f,3663d32f,D,0.38861671435706635,19.87504678106418
Da839f68e,a839f68e,D,0.29594826375338446,0.3596237413507746
Dd7d5d256,d7d5d256,D,0.4235148761682877,0.6627485206538227
Dc0c51702,c0c51702,D,0.7504705802050525,-0.39280250364538116
Ddc2b50b1,dc2b50b1,D,0.6914671498791772,-0.585652961044747
D6d1541c3,6d1541c3,D,0.02998146338317758,-0.05758118309498932
D3bc23c17,3bc23c17,D,0.2810668569790732,1.5167312270123385
De1e7585e,e1e7585e,D,0.0639365939258091,9.666058454269795
D96e34b9e,96e34b9e,D,0.07274156878585127,-0.6596013854844455
D573d0fdb,573d0fdb,D,0.531905016497612,-0.5872563797621386
D5fc4a9e0,5fc4a9e0,D,0.04632620133144635,0.42328399900132646
Dc38110a7,c38110a7,D,0.4586762248899198,-0.8589657097126777
D39e0959a,39e0959a,D,0.1687023654530143,0.583383553552505
D22573984,22573984,D,0.2245319746704257,0.9608505775848275
Dcd6ee546,cd6ee546,D,0.13829349914184227,0.43467863532730144
Dd137e974,d137e974,D,0.07956629006215517,-3.15298445073643
D40108a96,40108a96,D,0.33270260098610566,-8.428765344922665
Dbe052687,be052687,D,0.004035953586602775,0.5776475005529488
Db60e7b9e,b60e7b9e,D,0.14646957798228788,0.386786970420975
Dd3d286c0,d3d286c0,D,0.3980937924104514,-0.9486206802673035
D0766dee9,0766dee9,D,0.2721391125486422,-2.8603339672677794
D952a4f92,952a4f92,D,0.5724764073119909,2.3907181510592013
De0710698,e0710698,D,0.06294332167585401,0.7129903358740747
D77140a1d,77140a1d,D,0.45300740769030534,1.092694590869438
D4faa2778,4faa2778,D,0.6050014579017502,-0.10300750316719487
D9356e5e6,9356e5e6,D,0.1138965442091044,1.3978449296502296
D38a94e28,38a94e28,D,0.4988421030296356,-5.659019130172839
D02dec5e1,02dec5e1,D,0.5070917236690393,-1.2037163754247129
D3330348d,3330348d,D,0.3332287761527813,-0.41079740232499806
D5718bd3f,5718bd3f,D,0.7587299177247698,-0.011755669028340894
D05360690,05360690,D,0.4814520281538473,0.4632305446283334
Dc5c965ab,c5c965ab,D,0.00846489928224344,0.2634776893957366
D3dd4b615,3dd4b615,D,0.3706564046290163,-0.9858059569030149
D8322dc9b,8322dc9b,D,0.23202916177344238,0.27479436825176323
D25ec059e,25ec059e,D,0.03999299972596957,7.163823317829412
Dd312ce7a,d312ce7a,D,0.2669936839532882,-0.8207536807550231
D0fbecb51,0fbecb51,D,0.4570341130490424,-0.1600998293149792
D0d911d3c,0d911d3c,D,0.31031294025653544,0.15440056259170137
Dea7d3e3a,ea7d3e3a,D,0.01658597981241657,-2.889610451236126
D269f438f,269f438f,D,0.0033673790107446363,-8.521835121625262
Dd0c710df,d0c710df,D,0.5266774580764473,-0.8221394897643689
D76f5664e,76f5664e,D,0.5009206659808128,-0.36404153069865813
D034ea5d0,034ea5d0,D,0.7327827014434626,-0.12724678611975185
D10da00ec,10da00ec,D,0.44036442228452155,-0.18004207410473633
D6769745a,6769745a,D,0.08700999463113196,1.8021936879858675
Db0399f70,b0399f70,D,0.2756448790338636,-3.138700782487191
D377ff7d3,377ff7d3,D,0.774149669292204,1.7696879661222775
D49d67d4d,49d67d4d,D,0.18828225821046657,1.5389086854514693
D89eb02a1,89eb02a1,D,0.23310114683530442,0.25360262849123416
D895472ca,895472ca,D,0.1957536850227682,-1.665652030036154
Dd80d2413,d80d2413,D,0.5847755467626857,0.03688507287424477
D812dd536,812dd536,D,0.8097811418750507,0.23182715775333868
D568a57b2,568a57b2,D,0.7602305318080206,0.58533443088500825
D010c3f39,010c3f39,D,0.39799096372154075,-0.3372304164749343
D619d5e37,619d5e37,D,0.10752316755296207,15.487166885060914
D88d872e4,88d872e4,D,0.5770052573870917,0.22106751855423312
D9739b50f,9739b50f,D,0.11815562950900262,0.2843904781616098
Df082aea2,f082aea2,D,0.4035719044630741,-0.24806642295646256
Da5532cc3,a5532cc3,D,0.012624049519914023,1.0540273467202177
Dfbbf2896,fbbf2896,D,0.09963087378886856,2.1109065442511725
Da20de630,a20de630,D,0.014412246196920933,0.037518348584550776
D7a449ac6,7a449ac6,D,0.7200353969640639,0.8588027251041666
D921061e3,921061e3,D,0.024778950613131626,-2.3333622386693293
D3e115ac3,3e115ac3,D,0.6435358661963041,-0.039899451006429
D82f107f5,82f107f5,D,0.2157851282983069,1.4141146649544043
Dcd05b624,cd05b624,D,0.31355733756516957,-0.5561238706700832
Dbc7bbaa7,bc7bbaa7,D,0.12352984860902445,-0.9935551274392558
D023b4154,023b4154,D,0.027927461689754667,0.7829975751314591
Df0234899,f0234899,D,0.3045898367466099,0.513807859913861
D21a3140e,21a3140e,D,0.0320049718278933,0.13087956478274784
Dc3922a23,c3922a23,D,0.18486564394700455,2.251374864669026
D4ba8e91b,4ba8e91b,D,0.007081425868778951,-0.6053024116002668
D97be0c7b,97be0c7b,D,0.31839045990935044,0.5911593161022453
D2a8d1b6b,2a8d1b6b,D,0.023621244271467577,-0.4368997841967622
Dba7cf650,ba7cf650,D,0.38126093903980185,-0.4494484617112513
D5092e9fd,5092e9fd,D,0.6849509217498971,0.41656074663847453
D48768c13,48768c13,D,0.07728612700312025,-1.5456273252373016
D1ef06cb4,1ef06cb4,D,0.33609154002593783,-1.0479970744193252
Dc8042ac7,c8042ac7,D,0.13162799298860195,2.023821022979349
D6ae5b4c9,6ae5b4c9,D,0.17867678484332972,-2.103052473568037
Df37b63d7,f37b63d7,D,0.7120582909813774,-0.9413064589970249
D2d42a72b,2d42a72b,D,0.1608596921888815,-2.3796544851413066
Db426bfad,b426bfad,D,0.276081070061945,-5.77461462869416
De271903d,e271903d,D,0.3575039524783143,-0.4249418143762004
Dcd9588fc,cd9588fc,D,0.025624417287318936,-2.9902906644315252
D9c24d029,9c24d029,D,0.26891065665545477,0.05823504208948223
D8e80383c,8e80383c,D,0.08442821064793851,0.45596486475929987
D6bad4423,6bad4423,D,0.11827034303572521,0.9483585796271636
