ID1,X1,X2,X3,X4
Ad9131ee9,0.7995841141183667,4.677055258508476,1.459171348701206,5.349499372120246
A9c5988ea,1.1708758751416803,1.5010245443445314,4.8268948606942645,3.7459358467085724
A28a5479d,1.850160726039452,2.644685786212079,2.390569160144657,4.339788625771197
Aaf5537cc,1.5546480021633533,2.2828511872981423,3.3515707944781474,3.760146937059624
A370958bd,-1.3617332256835475,2.482276449766593,2.056698400446844,4.703028524303188
Aea997e13,2.3738670476374235,3.2674030174536277,3.1132037963604264,3.3146667123840983
A3563646f,2.103953989012349,-0.9022400043418637,2.488384048644111,2.75391347276331
A9b3cfdba,-0.5132156817185662,0.2706063009491382,2.974221345198971,2.96921978886173
A32b6737a,1.2770929112242584,2.020172915222449,3.4790786866498107,4.872508099520071
A30e96748,1.3032733961176832,1.7171966737830333,2.1070597737912364,2.04091530406502
A7dd233f9,1.1965944190819688,2.795876938778563,3.261332970329027,4.174159237131394
Afca2f470,2.900925456840919,2.121381049973278,3.2764917738919426,5.3634267466358505
Ad4959020,0.8349529619475616,1.7026686375165978,2.1270586881108215,2.5343626056190782
A789f32a4,0.4592059106470552,1.986881036884706,2.155350842420386,4.8336905724514985
Abedf5b36,1.14482483489885,2.0781168075727043,3.167981025431275,2.789996983461566
A05582fba,2.7880157822055662,2.4444539400856953,3.1970417998274803,3.9976235030118867
Aa976f585,-1.4677691096642933,1.990910139737142,2.049803016773981,4.540793775622194
A59e5808a,3.0302071100707075,3.4627133147885605,1.8221777143423208,3.646698239431337
Af3f55603,1.476962080332144,3.525736072477233,2.6423958366838747,2.9382143288217084
A6d20803d,-0.20810190942332318,2.519028798723224,2.864691132219653,4.076874352137059
A690671d8,0.7118655699091375,1.5448419043969073,1.7733085698068698,2.608911004590449
Af8a97049,1.351813471271118,2.467178451550076,3.5583025493753695,2.4536579429086656
A64a7ccde,-1.6715166782469075,1.8673460902195795,2.916880822270681,5.066349280158531
A521ca32c,2.2140099591816007,2.247995431220169,2.9980939070079184,4.481141679838912
A46fd1e49,1.2378439483340944,2.9582346699831863,4.493369479277762,5.075811491697709
A9517ecf8,2.299031883422705,3.3113679614354954,2.4871796919866282,3.887013725260253
A520c9b4d,-0.4195101472611036,1.4685243966315293,2.358458122171957,5.784288808617016
A5d130d1e,1.4773183158560723,2.295087709746535,3.0865672547695917,3.8158798883785345
Af653812d,0.2200538709947426,2.0223207550940145,1.8002069595064247,4.707491783692848
A6659ac2c,0.7883068331262039,1.8337522056566673,0.8304455020414108,5.156159850557938
Aed69d2d2,-1.2820332639874912,2.2858627202100092,1.9769250377153378,2.9958232186566116
A54debc74,2.0244123615157097,3.0070383444395206,2.8750432322084745,5.934437468070867
A9eb627e2,-0.4565843867322674,3.192082336668056,2.7107405634503077,3.078893664536057
A650ddad8,-0.15090230024592688,0.803490831319962,3.4180506629812273,3.826185837120953
A5ed05d74,3.673772004519345,3.3288582042476675,2.75768372951129,3.353146032542927
A9d9c7a23,1.6767949809008027,1.274984833922435,2.0040501446406096,3.715902510668916
Ac14eab0a,2.7139915356654125,2.161475404199009,5.4685220616073975,2.479345307014793
A15852371,-0.8788421722032942,1.027522226092347,3.6773582959917968,4.196880683715621
Ab9dbbcaa,1.3145026427379594,2.8219479831867256,1.553713118120161,3.0124664442692706
A8800cd50,0.3042736715464578,0.5284414316030748,5.316052839783553,3.446605177563655
A13d1c7ec,0.7674627369222359,4.2007656123663635,3.194168545475735,1.5215040715326245
Ac393511f,1.7828561778599177,3.273241335030151,3.2781223181895474,2.6826810855654912
A964e53a6,-0.14591426836729693,0.5456518798779786,4.955221316235419,3.4064808997946363
A9e13ae46,3.060594542428094,1.7980628407709967,2.154091483696836,4.47815632402325
Afe7b6b8a,0.9725000722840003,2.935495370740934,3.349506874370146,3.7681220523674583
A1a2ee361,0.2944428790220607,2.4307394951881145,2.4274951672502905,3.7023337483097927
A20039d82,1.4078816973467692,1.9737246924406455,1.5308030245739817,3.898085603972603
Ad253386c,0.5182632476233122,2.6875030256326884,4.129557074701674,5.278521005513218
A07067f70,0.29408043503086667,0.3746947340224007,4.063726258747188,3.913558465066525
A914f2b19,0.2808077822077911,2.9534075724899864,1.9795757571447794,4.693558203066168
A96ae8f9a,-0.020293092800330426,2.688996035484487,2.48263161223451,2.6528533753371866
A1eccb286,2.0555718664553053,2.216776068815846,2.1604411252140383,5.678010464367067
A31d59c48,1.0612274703197755,-0.06573241615675407,0.80406274030253,4.537223603292652
A4c0d3b4e,3.2504230457358507,2.1691706018209826,2.5104898294188187,2.845719820949255
A24553b07,0.08888278100331015,1.6808033791190768,3.51428056373444,4.184430985854415
A142871d2,1.796433983461671,1.8046654559696929,2.893765422334206,2.188317185513523
A069ae593,2.1381639233697536,4.594883800144907,4.5692312786318325,4.316557024165409
A4eb83053,0.2548450684785142,0.44618335367986917,2.260706306951554,5.272474027423291
Ae5215245,0.44282342673358643,1.8813838120525845,4.0157683888004,3.602939090339002
A8f55fe97,2.168750198904948,2.3049028026276712,3.124011281368327,4.623418392091699
A51d2776c,1.0480449366965787,2.0736508137051306,1.6336893471971654,2.3318486408925834
Aeb2419b4,1.4406005387012064,1.1411065718398175,4.491665104815581,4.600239220257243
Adb01ec07,2.7383150050694063,3.3585177705239544,4.417964917116054,2.588121714535168
A35fecb17,1.5919071394403201,1.165917672958972,3.2318790163592883,3.158953395049425
A63bcab07,0.7089731957798004,0.2919409881379418,2.0214975510442845,3.105402114397964
Aa1e67692,1.4312272697463853,-0.08681719744603988,0.1270212924442422,5.693518722097997
Aadb58152,0.25627064726251136,3.0668452325164743,3.568321386569612,5.7545858078020995
A68505682,0.8068968194606737,2.303217361773137,2.8367284774448525,4.169099530131061
A6385c43b,-0.40354493543563086,1.3141502157229166,1.025438966565758,4.616546907420625
A541b1455,0.8872399447053883,2.1262763909409377,3.142878138152215,4.790772119523398
Af8964579,1.6708898902769254,0.23511907088309147,3.096221565412205,3.7957042104175356
A640f58dc,0.5532501276979234,1.614372511999703,1.3627976092585867,3.0083497266309287
A66934ac0,0.8867946730556018,1.1466530885965551,1.5464334214303121,5.612299543519043
A73b3b08f,1.1687312741932678,2.0297760255155506,1.2327337168983525,3.8672580739662323
A6f03005d,1.9279527716843843,2.009356165477568,3.216608072806541,3.607147865113813
A0a451d97,1.7920268233792682,0.6792349460882481,4.1864233698919975,2.995684140351143
A76210601,1.4393593194545764,2.3128006106609917,4.493822024375552,4.566841024400113
Ac8b4476f,1.454926057314454,3.4666965791339597,4.456254432908018,3.898010454084781
A836406ef,0.14374823226126,2.165758459887858,4.224191666843458,5.131595570824579
Aee9f2101,1.2177210913173482,2.9334897515915674,3.5380098297948273,4.564470871623568
A9d853f4d,-1.0181667294324344,-0.26824827699908704,3.2839752670803524,4.520752013928719
A92381c2f,1.252243870123209,2.348318832437156,4.845395108032645,3.2321336649572974
A7d605343,-1.6733594005037506,1.707287824593184,3.7550864199654916,3.8116668548403023
A263156da,-1.5064677814077778,3.3535374547108137,4.290434400434357,2.5941805053062232
A45f21eea,-0.6502726535449497,1.0876737753398622,4.333255854324674,3.5820436346852174
Aae37a5f2,0.08152615037546795,2.1900912832123693,3.2357402101788204,3.8990888694180623
Ae5297345,1.262905661798017,0.28123037967111153,2.241078730748546,5.514328636846905
Aaaff23b6,0.50162370311304,2.4941102273466345,1.8711321342435303,4.087943582536034
Aa4962bed,2.076253206370147,2.816189271531944,3.761597351340489,4.156786247639046
A1f1aa1ff,-0.2844707924468044,2.476942509297366,1.8584664456280497,3.4332000284914117
Af468bd45,0.006325672507690894,2.3163858819558234,4.3016000625476085,3.7791168944783853
A1e81765f,0.32831230629549135,0.40380403394182984,3.212382295887894,4.0172924559238306
A28d42d9b,0.5826472142377985,-0.4453435561335568,3.3545562268927647,3.7983349252636027
A1c5fb59a,2.4642707631225362,0.29244770433785394,2.825737044834814,4.045083385045662
A1505c004,0.8584567052795294,2.3302856236229608,3.2256493678321694,4.089684325191734
Abe25fe4c,0.17110808576444148,2.988415076092467,3.1082008751103523,3.786535151670374
Acc7d9084,1.6857942980130984,1.9905423904341988,3.0763399524326323,4.164519342693938
Acc3aeb7c,-1.2590612309672173,1.778251463008416,1.9980665163230513,3.165450810728144
A60258ecd,1.5132903571749727,1.2210653383527792,2.155465316076519,3.9369474767735624
Af6ef7535,0.09007000076221738,2.307111656786502,1.8856686271951233,4.098198986761537
A16c3ea4d,1.0992979337222113,3.7079578564834987,3.1780921130314304,3.9459265542602084
Ab1ea68d4,0.45719098256292034,2.113307330093673,4.33306834897413,3.0836948622979223
A69457629,-0.08405436196364402,0.20888104424553533,2.666620861774991,5.67325548708107
A1a928512,2.3658893940714725,0.13240724630991396,3.1130113610842876,2.630627475248467
A8eb8f0a3,1.1269105428341295,2.3951518951331052,4.556265129182666,2.5302900325626867
Aa7e8fef8,-2.46289377117272,1.677033551433533,0.6307686305180611,3.2012965622751053
Ae7e15e3c,0.7938015702327527,3.185140222220417,4.038484539366512,3.489484701672521
A60d66a54,0.40076825897891744,2.604292808009405,3.3939470577723543,4.510024469749251
A93df0f20,-0.4362973271681432,2.5176339681311704,1.784781997046453,3.2755086002527123
Ab96ce038,0.7962687959697781,4.1374596446751895,4.630240795055583,2.116258653945024
A64bd117b,2.4378629334110684,1.5774711336815912,3.8645878111101477,5.21051759590849
A68f68fb4,1.978282487486434,1.7091314499572903,2.901786233645345,4.876773293760335
A59ed0527,1.5146822461571698,2.2617755932490486,2.4780957638893426,3.3416707802963797
Ae1dce7c1,-0.1457035276473191,2.0360620366690267,1.2652283232994523,4.698960588004511
A8eb5379d,1.5357695369245858,3.684763706009804,0.548169899027636,2.9426975757709473
Af0a2545b,1.6014429866643927,1.726876120006874,3.8940277565504116,3.417282401919845
A25b9dcd5,3.1176313777107096,3.4949217336912257,0.6354346028111006,4.901986794287235
Aed03994e,0.951851758162952,1.8705388458218917,4.600022327880133,3.9476760069700108
Afb5cabe3,2.4186090882078584,1.7532091544864687,4.8776388207159185,3.138218840830619
A15d7526c,0.04580401589580496,1.9332198163509466,3.178616901534374,2.97011076733076
A87c5eeea,1.0023990634493845,1.0389289342829036,2.4593377221390953,3.8293579599641356
A7f4227b0,0.5551135942922425,1.4235248138771959,2.8081043556897307,3.4732364007373517
A24101c4b,3.2100817192604785,3.4497601880662394,3.5890144213423802,2.253542580349361
A13f82dc3,0.03002454662365528,1.9624319884827053,3.677600580963016,2.244148889770127
Aa3f1cbba,1.4413075226609382,0.9097839046280907,3.0406827854768874,3.1455373803705995
A36731925,1.1153093752273278,0.3972340171315645,3.4377235125304857,4.749718996180865
A99848b57,1.0607341132339612,2.793324971912144,4.993769089501135,3.0153434853799825
A8ae3ceae,1.7743120962879162,1.3995743465391473,0.8293070897106003,4.6756148468229615
Aa5408ddc,0.655242532401515,1.5469016421670565,3.7332576674542706,5.571194221210713
Aee813eb0,0.3563625844444208,2.933824888244553,1.1564780446221745,1.9402023462744924
A00021885,1.0326471642030863,2.6982601852283503,3.4415586638312488,5.0456732293968605
A7b67c3cc,1.0646036288487204,1.6107798701437357,2.3145154986446492,3.763012764107452
Ad0080e30,-0.7798178285982968,1.5235616420194296,3.37376336605418,3.7193317373630235
A121ded72,1.0309910674728684,2.3264192221266207,3.8085981468209757,2.641746683238534
A2cfd7b2e,0.5218705119264138,1.222275439312865,4.338122808226046,4.255408203385055
A1cbc4c51,-0.941145546730257,1.0334676139286523,2.9247950070274116,4.129262539212622
Af66276fa,1.7749734456453405,2.1451362836059533,3.134316199607357,3.778846619570272
Aa5112a44,1.7865092401547762,-0.43334794039335467,2.758715979836408,3.4647916831681833
Ad95e79a0,1.4878256089361082,2.902478959804988,3.782535141237149,3.265372708273937
A4ae444b4,0.2529337008524717,0.6598931682999183,2.289718489146103,3.7105901601914506
A799ed2c9,0.9889709492790005,1.8041253911765143,3.905852046264058,4.5321081982138365
A0bff4d8e,-0.03359730103636194,1.6020317688483714,1.0233229315182832,3.949222541159691
A2a123841,1.2345737086614825,3.803180265742948,4.160052130240982,6.224812308874515
A64007104,0.3753716356650897,0.9302281379493029,2.3082812381966265,2.943406230562001
A6e10803b,0.7073178182434745,1.414091238515451,1.698704754687142,3.6531188949940328
Ab71e973d,1.8793902029907357,2.894865829479451,1.3865529827415206,4.20408284592582
A87aa67dd,1.9241168779641105,1.4176364836670818,3.1976934679984392,4.214476775415142
Ae7f5a35d,0.3985125806536626,2.590274729832489,2.4925131316988463,4.191726434475443
A5a9cf1b9,0.4087616847548725,0.9408710519024197,2.4045647609915433,4.791420151105087
A9f47c856,1.4134172349788525,2.399905561605527,3.461673437555272,3.1031861382165142
A5cadd236,0.7503021729116193,2.960712786256041,1.8246739256618134,3.163640731876703
A88b2a358,2.6761710733532444,2.956375502719454,1.9867057375432495,6.405125789579124
Ab6475a3e,1.6910894049911869,3.538183890450303,2.7880849869481716,5.431130288786768
A60660736,0.16185442906023462,-0.4714129461844907,2.647482345680654,3.7091464616933414
Aa049625a,1.2836576581428418,3.1909598275990634,2.3744817412021733,4.333157559867241
Afd147dc6,2.4651248536406527,0.9726660908382723,4.361850208641512,5.10431297905975
Ab2cb2bfd,1.824783823691234,2.3585779109697453,2.142012557106287,2.9698314103005297
Ab9baeff9,0.06210980860743043,3.410380490486075,2.987881031546952,3.4642741877895604
A01f2c371,0.15934655260309638,0.7958817197809325,2.657525638631287,5.4315592686970415
Ad667809b,2.7002819017003326,1.5855959703521656,1.3100690574235103,5.375291902590489
Aeed219ae,0.5408066114932762,1.133207695068199,2.449728144322262,4.146018447801466
Abca2b6bf,1.5901488400584336,1.426052000766394,1.6078395184476015,4.708187486326235
A6c50eb13,-0.6778404151084798,2.716617852516973,4.104868881461412,3.885258787134797
A3cf2f911,1.7359777585476817,0.47984254096178813,4.298986093692634,6.787385269855305
A771a5f2e,0.7445942554570557,3.6112127225812265,3.75084398414735,3.2789158505702405
A39ece3db,1.7248691780998309,2.1553704523192962,3.9833073309152085,5.662340270582238
A5c8c0c46,1.7075158300463285,1.5714390270670973,3.1386276873449583,5.166060796594599
A9e3ed32e,0.28668551421266797,2.346489569306535,0.21835466637268297,2.4010347633557534
Af884023f,1.618646712248482,2.161171856725575,4.705657416790242,3.2217612650451297
A8655b132,-0.19227488996826603,2.7945267288592928,2.503172504872783,2.6919788110247342
A7f720cb5,1.0775862111858345,2.279776288523391,3.5656053476138037,4.7486872867667484
A609a9410,0.7062096871757074,2.610258161339906,4.833190511175583,2.899585052520419
Aaa987df3,-0.49145818023279086,2.143319165394354,3.9532522217960375,3.092857397475556
Ac11fd8c4,-0.5538314917788296,2.462477088770912,1.5585422235620972,4.06198640450338
A0612af21,3.4840747983788756,2.9295687709535096,4.1500873412081845,3.435959262089682
A6a39c277,1.6072504916517611,1.938687059204631,2.5083491766769894,4.365963431896966
A63f0e89e,1.492906368894125,2.3562862725085196,3.452597944297048,3.1540945773738587
A35e3fa33,-0.4023994739903354,1.859982551398268,3.9579461272242185,4.785817690978972
Adfff5857,0.3014953657163919,-0.002404361455206061,2.265633041711638,4.172602622965088
A88841cb3,-0.3251911981599309,0.7791311228931805,2.220192748578679,4.435814466210014
A0956d890,-0.3080208418366841,2.109540313925502,4.029143004634301,3.4997829965786025
Aa36fe772,0.6974605580564839,1.2672388135344728,4.2219671085421115,4.076607221151846
A6d653072,0.6866341212998021,2.2876067790704195,1.237732913013005,4.283555608014209
Ac9a782c3,0.6440841758406062,-0.014180265039420714,3.1794299627392975,3.3819033389755786
A5e1a4766,1.4450848071755027,2.3275392641847525,3.6369666492627157,4.059828743042544
A71afb814,1.6103389600398388,1.9566129442741347,3.6250361518187546,3.3262191822522906
A56c294ce,1.9173051558155443,1.6884552724104238,4.922718244876778,4.19038691663298
A8d93926a,1.1016832846519176,2.9325038715099563,3.3683281722936176,5.027456699438439
A582d5a4f,1.3247635262251132,1.4062031567026332,1.005205349127806,4.512624195666446
Aefec8d74,1.9232306531136212,3.141337981165993,3.585970469924022,4.801809079546215
Ae7f74e5a,1.0611626698065864,2.688850065314939,2.7756737133683633,5.939767406978439
A2c99cadd,-0.13195919253539867,1.7424074359305812,3.207305262651151,4.1858552244057226
Ad7681a35,1.752467787456317,2.493617132945181,3.594059640101472,4.385119826763199
Aa9d3ff8d,1.6228267148009858,2.2562079660380263,4.246740502634536,2.8906983943009155
Aabf1bcb6,1.1028268383129671,1.6138077446836654,3.677541059919608,4.220920196178492
A204e22a0,3.4830966145400093,3.0668925390469104,2.463166635280508,3.1335447421035494
Ab9065b6c,2.2221102661277103,0.9611512495936703,3.6060586098029788,3.9436454881637117
Af0a0aab8,1.910769696363279,1.244561789616387,4.0765958501842325,2.797418026234125
A124a37d2,1.2219942726857256,1.7956017636796,3.964570565889197,4.932174370759586
A84b0a1d9,1.1567253205200174,2.9837765157012606,3.0831444792827623,3.2087210255204783
Ad582722d,1.367466457138932,2.233258221772258,2.9311688366847273,3.449806446099704
Ad8eaafaa,1.1168326136366333,1.2873998171997671,4.68262034622386,5.183837826285687
Afeb75cf1,2.621986170131546,1.1566311064811354,3.779574640985475,3.977620213108597
A89ca1e8f,1.6909291778203945,2.0666390028943407,0.8976104889864751,3.8860481293338505
A47ad762b,1.8983742385715408,0.8752586195229595,3.718413471651121,4.128665465197473
Aa915c995,2.9048689231195244,1.6814645463371924,2.8368656318297893,3.456656034714899
A8d7f1a07,2.7858898702221415,2.8068266794895917,3.7486770043118334,4.703035976290775
A17250bb7,2.227874563906103,1.4976922526137182,2.8149061492453757,2.8122690883826467
Accbd0ff4,2.3579766365004415,2.1510069723520218,3.0568956449581774,5.642422285584418
Af45b85f7,0.19764460280960805,1.9429252641472763,3.7363247266524966,4.756948399868074
A263bba8a,1.3286252365767686,1.6991734572855688,1.2116258614914166,5.209673013377481
A312b7a9e,1.2836700682796054,0.9193771372899286,3.1225414990322236,2.5283250941778093
A1a8c1441,0.948359348890036,2.8467986260759055,2.662493964120996,2.3961045591481005
A856e7468,2.8347501461016487,2.0847548431128415,2.6192927457247692,4.458329078293897
A1f528759,0.5100517196096659,3.4488087879006826,3.5088965713790587,3.9040609007145584
A048abdcf,0.15355317758850295,2.5363061409307406,1.8923343427299413,4.947827024817772
A32213e8a,1.5318838013949887,3.932610740584992,4.15856884060115,6.160325008799219
A090e9134,1.7288989630733878,0.4481377325756575,2.414681897499494,4.658390183844404
A07496959,1.1047364229892123,1.7189447389493573,3.849678011048766,4.5474466196322405
A39c97b08,1.5898523206977722,2.677141696830068,1.6179536958489533,5.771144047228228
Ab0b7709d,1.8518546188534781,1.6231086392955774,2.973602167914092,5.2928014895038435
A2817ea86,1.248030522149482,1.8410471448871841,3.705756329545677,4.754730768265066
A88cc6925,1.0797378724684243,1.483133644308027,3.169132885734569,2.794017649961044
A3e56bfd2,1.5476291674715685,2.1819515354680545,2.60211850697531,3.6546572626763796
A4be128f1,0.8246981476800742,1.1046148566250438,4.157586308098978,4.8535322512162304
A5588c47f,1.3204146975147864,1.8179927737809103,1.1913224266837479,3.582870198629229
A0d8a1484,1.5464397010757227,2.6251973047818025,3.8909549957366663,3.9926441637008505
A5963b037,0.6785173278696861,0.7653851388678508,3.8997243670242483,3.528959128336467
A1374bbb0,-0.39415118639293834,2.3247700804377,2.831267674815922,5.162827178996951
A84426fae,1.301553012365154,0.9398929466986803,2.754550204129243,4.117916807099
Ae4354c60,1.2262517520784388,3.750981171936603,4.319313502188799,2.5698683858499227
A98df1049,1.2871782795079458,3.2806800169094568,3.3018213075753216,4.994489680671425
Af8fc9752,1.0577654959095661,2.2764472913330134,2.218422427925755,4.323037379317051
A4cf0f46b,2.4567695102479714,2.803622686307645,4.302902357300101,3.1969417897634442
A4175cda4,2.2372286421569965,3.2597997229293227,1.6560418737872071,4.671680577130511
A40a5518d,1.8726403572131338,2.4456556461244294,4.586254125225311,5.16693189998408
A19ab1e76,1.1190790678903075,1.4641721754194323,3.657326302878766,5.082365221099283
A5f91dd71,-0.008303744282948777,2.7341394170434,3.7869715097547396,3.909938168504692
Aa7400081,1.6085703277249044,1.6593980379965692,1.8555334089095747,2.9468400783630697
A79b73b49,2.200854075741032,1.7369393302904714,3.621464774962931,3.362777114951868
A422aaee4,1.4117426416108643,1.5508830462773884,3.9377254552970045,2.6937507896784494
Aa016f1a8,1.783343346505221,2.6187713128254,5.2166571214290025,3.9659831465468462
Ae4f2680e,0.17204163414183782,2.7071702195556595,2.288568696553732,3.51538128366597
A0a72b92e,1.6273247054900963,1.7840510649934649,3.7161770922704376,3.025642386461952
Ad62bf0f7,2.2705252467779573,0.9938161023619878,3.8158762399226873,3.770903397838211
Ab1d907c3,0.7442602132641527,1.7549838942373102,3.8265736419122205,5.190219736244867
A92a981da,0.7296197203694834,2.339996608733605,1.7265917417436594,4.692355164905056
A222b2d83,0.66948324537987,2.5569816216176626,3.4414003860831683,3.630032147916241
A32e9a243,0.7947034962484067,1.3211226955286808,1.3666223024286925,4.492721154938972
A5fe06e04,0.6151099378809822,1.9896651641238396,2.185588459390136,4.124107156210521
Bd9131ee9,0.594423493279996,2.3411230821808786,3.50385974168353,3.7972565764068014
B9c5988ea,2.392113923738332,3.2347795762968916,1.6820941936681764,4.90575945686396
B28a5479d,0.18572784197839187,3.1755954223997307,3.749947575994897,3.8913097621698864
Baf5537cc,1.7613351770974066,2.122517060209447,3.638361629398852,4.532201090523125
B370958bd,1.417278054158552,1.7731447308276387,2.9855634086031815,4.6573094845651815
Bea997e13,0.6569751187100261,1.1008534193836503,2.856418606625667,3.804060562362754
B3563646f,2.3441718845298833,3.3537524392625095,3.475676125866677,3.2179925473718916
B9b3cfdba,1.1191362756436882,1.3630769617915988,3.3972252843046338,4.596292914979499
B32b6737a,0.7415693523536449,3.824610115974207,4.3321494675975485,3.2367049105495918
B30e96748,-0.9300603798269635,2.168695777408178,4.112913688906042,5.1341688493475
B7dd233f9,0.9857859763705861,1.8196708003461706,3.5768622434803783,2.6149356219183915
Bfca2f470,0.308522319331902,1.9565450784828284,3.8746637788976193,3.784638038407829
Bd4959020,-0.12065721324418766,1.546125829547076,1.5756180777705093,4.171462806440848
B789f32a4,2.238875261314347,1.6676714887858772,2.652056407689181,4.723263095906921
Bbedf5b36,1.9800783766525671,1.0371168226595793,3.36741608380662,4.297741297452695
B05582fba,1.0461810702773033,2.0558003349451903,2.419857362793172,3.25141792618576
Ba976f585,-1.4758207971453077,2.1210413015349525,4.721248900837631,3.7331632320387222
B59e5808a,1.4324333451566038,2.4057343593755243,3.076212357625633,3.846256500101249
Bf3f55603,-0.7443576362904025,2.3566175105549823,3.1575134269731895,6.621570699752061
B6d20803d,0.9646362079122444,0.6944824769365332,5.257049873627255,2.6195504533915313
B690671d8,2.3476250434269454,1.2419831209047514,2.63652744245745,3.9873112646488296
Bf8a97049,0.17866515307537922,3.314032580108564,3.714927222456509,2.8152270010189984
B64a7ccde,0.7012923055208087,2.6646672312303266,3.4107407691388922,2.2658835729941647
B521ca32c,2.534867224157429,0.4347489901605177,3.1182945143172467,3.2460855505859345
B46fd1e49,2.5310486525849685,3.5893600591181274,3.831681038819559,2.534505396819454
B9517ecf8,1.110632172296383,1.531474563249081,3.410029647087382,3.668946190406351
B520c9b4d,0.029295408520537136,2.142497076671156,3.579996667505657,1.9712694922856784
B5d130d1e,1.2105854847976596,1.8976221774045516,3.8671676341967145,5.742919539837509
Bf653812d,2.9148641901080494,2.1479207712562323,1.5034681205291236,3.185478539461036
B6659ac2c,2.848289027663556,3.2453364336888924,0.37121364121956013,2.122561130688056
Bed69d2d2,1.444572403367781,2.6187462305746143,3.6315108865452794,5.698805770581913
B54debc74,1.7370050902508987,2.410429748693421,2.2051357135021905,3.515791725364328
B9eb627e2,2.0476353846117723,3.0601421739370513,1.782131929067204,5.133024299445106
B650ddad8,0.47972391206784526,2.9023710158585088,2.8039828880542883,3.0775765266196107
B5ed05d74,-0.16917667691780247,1.6308173059601532,2.890943979040626,3.545860284810871
B9d9c7a23,0.9229981441844105,0.9777232453365081,2.0926708427378444,4.982416534474523
Bc14eab0a,0.8315185840562996,2.289174170690841,2.9881868324679015,3.672980565016233
B15852371,-0.07512338967134102,2.369592128680339,2.055709931993095,5.261137109478074
Bb9dbbcaa,0.5907896361757732,-0.21225689883493226,3.6014402855258143,3.4390510020406486
B8800cd50,1.5383176827045961,2.001968691682707,1.7152167202679576,2.9688419607631173
B13d1c7ec,0.39090447038235787,2.452652807377795,4.145047052482975,5.314913173087329
Bc393511f,1.4145352914813598,2.9258323690660353,0.7171615189724783,4.029889654536656
B964e53a6,1.230438584965325,3.016516913280818,3.0793195201270036,3.914126888857031
B9e13ae46,2.1136210712853973,2.089572324996138,3.7847621170973724,4.0658628490405215
Bfe7b6b8a,2.1972581243840272,4.273157512887579,2.4112883600820387,3.387881838429439
B1a2ee361,0.238725385169557,3.351700842479369,4.109347323846686,5.021933655306498
B20039d82,0.2720930551867081,2.2363883634568387,3.8058243780416774,3.8211934838555504
Bd253386c,1.0939902490461308,2.640826649189634,3.809845198469209,5.090874156973236
B07067f70,2.433415504290951,-0.6226762321732813,2.307911279829878,4.812717406444731
B914f2b19,1.8189008352271037,1.7677338019181692,2.849584751153812,5.7260525637738295
B96ae8f9a,2.150645045663582,3.5779187230933407,3.361498641535299,4.840734031334957
B1eccb286,1.1077430476762467,1.4882291704673833,2.260001328220257,4.652453399325712
B31d59c48,1.402334475563125,2.2980492965337787,0.8750782703831481,2.699584333068669
B4c0d3b4e,-0.9612451526410597,2.1926217156116605,2.808102299853559,3.7021139834624974
B24553b07,0.9887338304404184,0.6043834097494427,3.2922385698658445,3.7444562248117306
B142871d2,2.0515451108120613,2.3718023937732924,3.984112735916336,3.707600441287326
B069ae593,1.5973633747817209,3.942296015083976,2.2656016957946483,3.943000615658625
B4eb83053,1.740941706839629,2.4381801814708557,2.6188879541615924,5.223996227590782
Be5215245,0.035721365812083405,1.5847709321448091,4.789957573734086,2.8683653872340162
B8f55fe97,2.888214859624218,3.0782689031556956,0.5074410121764532,3.264866840510856
B51d2776c,2.7389724206856183,1.9453018520522323,3.3652643475866775,4.683878626422508
Beb2419b4,1.917045933580182,3.175271579498837,1.4578016720156057,3.534157513086778
Bdb01ec07,-0.02847314435192616,2.3418929056819495,5.4728816808833045,4.1657025905241
B35fecb17,1.4441511092941925,1.5676906803267288,2.28056538658584,4.292509067397134
B63bcab07,1.3687213944749104,1.4156779121214371,4.370398193363363,2.9438915339291407
Ba1e67692,0.3641242256972479,1.3965556783768247,3.528890159041606,4.935241745759734
Badb58152,-0.099820543788947,2.6888840367001006,4.156873614258608,3.3879616847134186
B68505682,2.7258106621094536,2.6287139684872276,3.239701074217339,4.759875758679376
B6385c43b,2.2985461522082646,1.0703349602195475,3.91728898999672,3.9577147150675582
B541b1455,1.929545138791477,1.7585523247753045,3.6770564337724543,5.963299201848819
Bf8964579,1.3877209840404587,2.2821348177826057,3.3713780938316646,3.805277319722855
B640f58dc,0.8190646144960234,1.5883232685215098,3.458662257286453,2.9734249887787936
B66934ac0,0.9809579029939259,2.74599738796416,2.6094344618407637,2.573635292266564
B73b3b08f,-0.7763076255971149,0.17893144335531264,3.071763258595228,3.2046443754805347
B6f03005d,-0.4262369859058195,1.3309552732169445,3.849423715865366,2.0466423838283943
B0a451d97,0.7454005893840965,1.0941550438098895,1.7518755391859988,3.0229708123035097
B76210601,-0.13203330903351684,2.2085110730770854,1.2494150275494547,2.5602345893709746
Bc8b4476f,1.6984706584265292,2.439176935063011,3.0117221944736436,4.1591085994171575
B836406ef,1.1266297521986464,2.4820386080707384,2.2165071647717425,4.8414419354402805
Bee9f2101,-1.025408483388163,1.0210275271913414,3.557808296908927,2.760219973123544
B9d853f4d,1.8589766986739304,2.165624129946101,3.4473115463072457,3.4450071455518074
B92381c2f,-0.11865495648875757,1.7267010374812874,1.9089475548791042,3.1626944985350334
B7d605343,0.9775870583379468,1.4766596273094783,0.8618873322757645,3.492738711570936
B263156da,1.8476701687082764,1.8424467034629686,3.836090066475851,2.356444254013761
B45f21eea,2.6282304137516856,3.2056347051449894,3.1741774520390833,4.345293318203457
Bae37a5f2,0.8319580699529212,3.7702748625011857,2.869345423468065,5.203795318728179
Be5297345,1.0561188484571014,0.9519493091898317,1.699677093641068,6.172469602048057
Baaff23b6,1.7438570779844742,2.6699581600694313,3.746990415789353,3.409940953219834
Ba4962bed,4.443008054403707,0.7676110274329457,1.9818390017851508,3.0499347858348895
B1f1aa1ff,2.225381020009434,2.610911345145954,1.6706480971879076,3.915922344652823
Bf468bd45,0.676557561545371,0.9065459758615793,3.7045122537363246,2.176535041664315
B1e81765f,2.2511408978564114,1.5600080464430786,2.384945114320192,5.379758731475517
B28d42d9b,-2.1367491751745646,0.6263546349072759,4.889116095589606,4.342181520568634
B1c5fb59a,3.1223127401068136,0.47071398281807997,5.001977025092195,2.216358087801221
B1505c004,1.8062198318627691,1.9315674660859468,3.170056983644867,4.204027831119846
Bbe25fe4c,0.5437863900125371,2.5989260347232777,4.227943156210255,3.2540537445689295
Bcc7d9084,2.067356051268068,1.9140643192241091,2.333292726034392,3.705313835709151
Bcc3aeb7c,1.2704862680020481,0.6979844799817363,4.0203774881166074,3.7331197995765617
B60258ecd,0.9022757028689492,4.092370901017251,3.77683144987757,4.144690015365836
Bf6ef7535,1.7625348090201993,1.2758272053072985,4.301113163168979,4.995455293375778
B16c3ea4d,1.3995334985033339,3.760679483361576,4.393047249885857,5.826027197090044
Bb1ea68d4,0.5077012983572142,2.403438694737603,2.0476375427797717,3.429221827373375
B69457629,1.346018577465958,0.8445292858607389,3.3137951841532916,4.719784359354219
B1a928512,2.9242176643114126,2.962971508742963,4.437158950823513,2.7822964128637593
B8eb8f0a3,-0.46323665005343884,1.7300158989835157,2.1943265605853077,3.6039656986972695
Ba7e8fef8,0.3827363012933779,1.7165206206868977,2.6781050367305026,4.42487631101657
Be7e15e3c,1.2484043161174168,1.7810825137639084,3.829633460457075,3.944621974469034
B60d66a54,1.4916717798537389,1.8344111753800243,2.8624268815596072,3.7960067717487376
B93df0f20,3.213823770205177,0.8562949752561164,3.242853140519904,2.8011995419771276
Bb96ce038,-0.008945541060219941,2.1075710562747494,4.805700053724211,4.77176521572902
B64bd117b,1.9423211967882412,2.1844809630255813,5.0121183238260425,3.8110005502034023
B68f68fb4,-0.8237954260646609,1.353057547220966,3.540521842090792,2.6853378159726846
B59ed0527,2.2452941952685768,2.135777526611834,4.797707895975895,4.745175227169207
Be1dce7c1,1.225138152462191,2.7934453625227302,1.6108871152355932,4.659467321766179
B8eb5379d,0.9082612065596043,1.5172360736635448,3.0394781328674783,5.439720699948687
Bf0a2545b,2.7040586183050035,2.188206252795505,3.2806412059819214,4.406834681273369
B25b9dcd5,1.1050679235286636,3.1001648232561774,3.438072082310623,3.7144127627585726
Bed03994e,0.6355514331064125,3.0288999084291452,3.179739358730158,2.1153719751248152
Bfb5cabe3,1.495889892188763,2.206294862114476,3.861057603531534,4.531683878789843
B15d7526c,-0.6755327176552419,3.1005559595798182,2.272211847574989,3.5215978095566562
B87c5eeea,0.5368385057751424,0.7766438480080846,2.0183232858933278,4.411507855804164
B7f4227b0,2.9222498614720447,1.0720162816857806,2.0308014677258805,3.321207773363557
B24101c4b,-0.3634430847854988,1.915746293065338,3.4775556719799607,2.369332716211152
B13f82dc3,1.5739145369225769,3.1253568046955262,1.7358642359774443,5.755688318259093
Ba3f1cbba,2.3834479193178004,3.2545836538399042,2.727920788438345,3.3736454836981564
B36731925,1.7550154491777659,1.1309913665058056,1.56312277050628,3.8694065224429774
B99848b57,1.92731547136434,1.5524173952809044,3.486900885625614,4.897098138699048
B8ae3ceae,1.0396259236792038,2.37282287048299,4.350587912344904,3.60433352441839
Ba5408ddc,1.819101328927364,0.6133757372039117,2.6559291279540074,4.051920506671462
Bee813eb0,1.9573206807351453,1.176630361230901,4.032344628905084,3.1751172585627514
B00021885,0.30373507664625155,2.4242528614221586,2.744799906374322,3.576200276183343
B7b67c3cc,-0.19740834319271094,1.498201181426242,3.0974169117201313,2.935070040583506
Bd0080e30,1.7581931130993114,3.5660579927670337,1.2371986293608266,1.5540955350417014
B121ded72,1.0176310161500508,3.9255091397936406,3.685159035266549,3.8689374203655773
B2cfd7b2e,1.4994936378797803,1.1123605933453253,3.453882666094062,4.772790863059814
B1cbc4c51,0.056676577923021054,1.773852824160672,2.92914425049902,1.8139060789612733
Bf66276fa,0.3318136528958546,4.018689584928224,3.79223115542408,4.672088092523318
Ba5112a44,2.6301444282312074,2.4545701144164407,3.398805397830255,3.4939086265603096
Bd95e79a0,0.12602557032383188,2.189757703391607,3.813805238417194,3.0628849109122465
B4ae444b4,0.6282461419743324,1.326487187993223,0.9029353753336489,3.4630137148909372
B799ed2c9,0.14309241809280981,0.8017058615555557,4.582765878429327,4.210203267369053
B0bff4d8e,-0.4837514243015497,1.0072439075439048,1.802512002166499,3.3509921181249354
B2a123841,0.4957950054047868,1.5674180893130714,4.425189124608675,3.883512685420828
B64007104,2.894427181610225,2.8787445575690334,1.7724251851802602,4.541494303833501
B6e10803b,1.3176302194618157,1.8147357215122768,3.3831954303552676,4.573492504013426
Bb71e973d,1.1521518678375708,0.19091685463674657,3.0109860790881173,3.2870992479199588
B87aa67dd,1.6271413660280545,1.7530723723752084,4.326489529822679,5.893899523843867
Be7f5a35d,-0.5326205976349896,4.273088545153859,1.7002427482327813,4.334091842828631
B5a9cf1b9,0.40441619884148083,2.082260330605509,2.6673805820364627,4.828555664608777
B9f47c856,-1.0231604149348201,2.5813163504021204,0.24223962568847845,3.541657553756655
B5cadd236,2.132287869625335,0.5457020858528503,1.792494701653347,4.747829123649057
B88b2a358,2.559282760141275,0.4108069744718925,2.409431710861093,3.661383100326926
Bb6475a3e,0.9078191185442945,1.5967928184537328,-0.07196129078459501,3.3985220710494186
B60660736,0.8592395627582219,2.1580820389429274,3.3753746870671635,4.841984763978084
Ba049625a,-0.100442582761475,0.17206489989591178,4.430278896238014,3.127596286698839
Bfd147dc6,2.149103478496359,2.3030438606456176,4.875143632145771,4.185608847809258
Bb2cb2bfd,2.1214622590921834,4.066262828045432,4.875209252335834,3.581960641958181
Bb9baeff9,-0.3077402465990531,3.09317295865249,5.527799669691657,4.161060579862041
B01f2c371,1.903139735009229,2.8841896468744324,2.9438331305929637,5.140710412465417
Bd667809b,1.223617360880777,2.7523930073621736,3.2628962591185844,1.9398823413171473
Beed219ae,0.3954364486626034,0.9346642853543934,3.47124054923253,4.752699996929838
Bbca2b6bf,1.508927808916054,2.682238282580161,2.5205824336159393,5.217554839779349
B6c50eb13,-1.7118217479955349,3.905689315999304,2.9745399747192307,5.326200342769585
B3cf2f911,1.5240365138170842,3.331821471247745,1.6133831469644266,4.68658278393708
B771a5f2e,0.5386996444956631,2.553332413703453,3.253577602884065,4.072349818624269
B39ece3db,2.3462201055386123,3.556475350719798,3.53324258634259,3.9189870998452463
B5c8c0c46,0.48806702122292045,1.8281409970354887,4.4612204844183,4.091675157736048
B9e3ed32e,0.4565495861557939,3.3876280047324334,4.663355282477823,4.1315152554453265
Bf884023f,0.3991221421958526,1.6605079538425866,4.570108763127662,4.493069279214272
B8655b132,1.3972632526039672,1.3831569782225546,0.49616701312881606,3.195784999712983
B7f720cb5,2.7297411370980367,2.9469599288354837,0.5213276365214701,4.079161179601728
B609a9410,2.377462141982389,3.3355411922823994,2.0699112871052883,4.4627418200934645
Baa987df3,0.48529734339387,2.1212767742401057,3.671154341343769,4.451034293541173
Bc11fd8c4,1.3989116845802647,1.7674849435665145,1.7129953254265122,5.490902679747668
B0612af21,1.0843097835795115,1.9081377299009488,3.0722942193845464,2.0195763769001767
B6a39c277,1.0776739694297204,2.3278254857475966,2.748754415845874,4.022228735547773
B63f0e89e,3.31057385795456,1.56350912462917,3.856283063295316,4.61963958283699
B35e3fa33,2.341994096150793,0.8239001245465858,3.523687449680589,3.7290979254816445
Bdfff5857,-0.8637934631789157,2.162656483243505,1.80620850448943,3.544075024462023
B88841cb3,1.3961487980435623,0.7162134392795432,3.1711380596565895,3.249839113314524
B0956d890,0.4321019939274061,2.5839784246206965,4.079865201912989,5.754546735994058
Ba36fe772,2.7287483536111683,1.9477890758948728,2.66345513647716,4.177262507843522
B6d653072,0.04733619427742253,3.8992155857506896,2.8171975558019184,3.114171269942077
Bc9a782c3,0.9634672158446491,3.4660582062933143,4.59181828987128,3.3008502006184175
B5e1a4766,0.9696901852269644,1.4792200239062898,3.1608167976816133,3.5172642311174327
B71afb814,2.7131653941896987,2.81708787536674,4.713869173228015,5.285815449130882
B56c294ce,-0.13903593810686732,0.8721378698994458,3.5330013403282416,4.205108979559945
B8d93926a,1.0765806209113837,2.1802486458621066,3.6864228648457367,5.343856070614708
B582d5a4f,1.1925456138709192,3.1211354630901402,4.280446166098347,3.221412720081819
Befec8d74,1.5793587759152394,1.9539472415428882,1.3025519825745802,4.080342998703598
Be7f74e5a,0.9207441683791748,0.05720944835208153,2.579527436273871,3.058363271457278
B2c99cadd,1.0909695032233448,2.8634788852576447,4.796036092307104,4.562840165485223
Bd7681a35,0.22795013732748215,3.5065106366023233,1.8165837397960345,4.056024017149
Ba9d3ff8d,1.597904081406416,3.11672377907821,3.5423433081095146,4.289829028576373
Babf1bcb6,0.4331482703428806,1.7690930758655625,2.74872812622076,3.980871389892819
B204e22a0,-0.015246231144407707,1.1283190036680506,2.3006270587232343,3.5656719656604343
Bb9065b6c,-1.2328622992077967,1.338742207729804,3.355061505797547,3.2039120717585887
Bf0a0aab8,0.8845510408784657,1.0576463675908594,2.9541967839308585,4.823564519762738
B124a37d2,-0.12622584624563138,1.6760186996285074,2.2278772844722785,3.8753011023402544
B84b0a1d9,0.4818130564723887,2.27430304553374,3.580561743099015,3.903585905033693
Bd582722d,0.11031157899375577,1.8922377504755372,2.640369773428207,5.487059518547545
Bd8eaafaa,-0.032469726866489745,0.40914952742471145,2.783732883739666,4.098209851993795
Bfeb75cf1,1.9995811722822079,0.818792162989979,1.8279583271566167,3.559427957540406
B89ca1e8f,2.3140226267314983,0.1887889665824829,3.4510353144994674,3.3388092459975223
B47ad762b,1.8730780914819727,2.447130349146383,2.676574768487236,4.885608221613664
Ba915c995,-0.2332216555114457,0.8877188390399264,3.709515817493247,3.3137143299728624
B8d7f1a07,2.062717861700915,1.5631353663113852,1.9957188456933288,4.521602295665345
B17250bb7,1.3423296045923923,3.0888399454811166,2.0310576174496076,4.975826357683404
Bccbd0ff4,2.4004884545561826,1.4803854175358429,4.883643514756715,1.5583728027015922
Bf45b85f7,1.2221562758033984,1.8894256913384824,2.35015220508922,3.1912165827773604
B263bba8a,1.038871258894372,1.4174223643077934,2.6152690006267845,4.032560055199537
B312b7a9e,0.26042583501399774,1.2208254220677321,2.719294909324614,4.917393576498027
B1a8c1441,2.6320683145598474,2.5792397411587977,3.0943714504632718,4.08401906947624
B856e7468,-0.3322359612225776,1.475856273101301,3.733431786862452,3.5151920391447184
B1f528759,1.0020463181538737,1.5726521131742355,1.5607952460488153,3.4563685601795235
B048abdcf,1.1242813363886477,1.3025548722603788,2.1075041904780423,2.968982480213846
B32213e8a,0.7770998568740127,2.6677076210424886,4.006235983826608,4.530350660778669
B090e9134,1.9867729461552857,3.2390766940188054,3.2240234618654,3.6109829674471436
B07496959,0.6138815339873163,1.405196515133325,2.9069524656578962,5.774366241428841
B39c97b08,1.489062032691268,1.7379167826241697,3.1495264438042216,3.866881630114873
Bb0b7709d,1.213578486873377,1.1293881628031777,3.3472831561224634,4.4203944450301735
B2817ea86,-0.5435492828171351,1.4316839614074528,2.7431606561067774,4.027047548985673
B88cc6925,2.0372836116699196,3.34443882386247,3.883815767738945,4.315896563032627
B3e56bfd2,0.42011313888557245,1.0605058239461949,1.9313128226433849,2.443218500117151
B4be128f1,1.184159804814065,2.5043270404062774,4.611463136175837,2.862341593467007
B5588c47f,1.8835513983788872,3.95693944725134,2.8522183694001724,3.68362312887487
B0d8a1484,1.4902675172099658,2.0110808867582515,4.0183609355948375,4.062054229246848
B5963b037,2.1530938491839726,1.7825726879707409,1.9812462675171714,2.197622086758577
B1374bbb0,0.9347146287676704,0.8991362557974689,4.164587731189407,3.404675332906324
B84426fae,0.8874405788498204,4.094241982306705,2.036959231968247,3.9909315702330046
Be4354c60,1.970960632835273,0.2702324437830057,3.995889643892805,4.2781614732748325
B98df1049,0.9278799688596502,1.6067277915637055,3.5620019364662814,3.4281514429434377
Bf8fc9752,0.9677042144744821,1.410288958969581,2.9012254103206985,3.681117440897654
B4cf0f46b,-1.110220767061402,2.061259527917252,1.8602505422955242,3.352772146723092
B4175cda4,-0.34661446484377234,3.7223242996203805,4.1038534133996265,5.137192881593469
B40a5518d,0.018965531508992495,0.804956425623057,1.5163312813346268,4.905874022456653
B19ab1e76,1.562125878610809,1.9833640511820767,2.1979914345912244,3.3163556727292405
B5f91dd71,0.8064847234565555,0.5563381400858074,3.059318721523792,4.4783551016488135
Ba7400081,2.0313049018999303,1.08250214371617,5.699538417437314,4.31893408301411
B79b73b49,0.8323469290076367,2.4864170336914784,1.739405883848109,3.841198526074785
B422aaee4,0.56426458016168,1.7628684878262921,3.4221555988209054,3.1170088100584175
Ba016f1a8,0.9190835785343074,2.6009007899744327,3.730095731861046,2.5554625517522873
Be4f2680e,1.5676920915186598,1.8613829227722423,2.3350166579419636,6.377551149800562
B0a72b92e,2.6518449262901864,3.357044661657513,3.549025027959395,3.2448825864293203
Bd62bf0f7,0.9717463610235663,2.128748299017117,2.788305013716911,6.185490980851227
Bb1d907c3,0.4123574928263837,1.7691810736100697,1.6434332700093162,3.2487131242777654
B92a981da,0.8210006716928195,3.0172140992648693,4.68206727489847,3.7197047563246723
B222b2d83,-0.15019248207610958,1.1279719878509438,2.7981365782124157,4.316628517608574
B32e9a243,-0.13603704454694254,3.4269055469595022,4.165321256402042,5.77109768633596
B5fe06e04,1.1973379723519573,3.262970894332036,3.517789756487457,4.709456456013374
Cd9131ee9,0.82040854816287,2.271226192236874,2.867682594079697,3.369868684653813
C9c5988ea,0.5266885785469602,2.8650020378716907,1.4744661495994753,2.378945689407319
C28a5479d,0.3849889800620522,0.1509358321346621,1.7879750459112294,4.380446439930038
Caf5537cc,1.057257776461291,4.4836904983070784,2.9031426672124843,4.326978908758983
C370958bd,1.989842776732908,3.2179198971066247,3.451801694167074,4.161346603245698
Cea997e13,-0.31413459512619246,0.584515633676679,4.404045689737839,4.408983934688095
C3563646f,3.6487537551009814,2.2563053692428294,1.7140380722829098,2.8661643034657898
C9b3cfdba,1.9732787451433187,2.3709785054335253,2.1578875851869244,2.930794046231795
C32b6737a,0.899155376279826,2.2000345042695706,3.8055238859413993,3.3234399949796734
C30e96748,1.1618583440883168,2.612878496597487,2.2653654092747577,3.666082666405619
C7dd233f9,1.4225927264392795,2.6151833921889436,4.312071336155459,3.085922314400791
Cfca2f470,1.3326131472323925,0.4772214906908725,2.9085930402499955,4.7150675119061685
Cd4959020,0.06351985772099722,1.747605785249719,1.5654676669893106,2.3800706033419083
C789f32a4,1.684919830667879,1.0478594757277153,4.273037115181593,6.915675866569652
Cbedf5b36,4.756574389138691,2.5989457209847835,2.1895894142638763,3.8319706176330923
C05582fba,-1.274306335807696,3.914294281694244,1.3142351831685954,2.500938405843886
Ca976f585,-0.09302494540524875,2.5770809536716994,1.109401135594507,4.365297341082086
C59e5808a,0.9559936020771894,2.4010859880546658,2.048368685317291,5.57405308244547
Cf3f55603,0.6171496816184953,2.945618724715485,4.095112321996951,1.9425014405081642
C6d20803d,0.9538316415324114,1.8923005258251344,2.4118145683463705,5.557029082008707
C690671d8,1.624075765998446,2.0157503706828943,1.6380443734387051,3.613290903542316
Cf8a97049,1.4571916097652573,2.0339056966574414,2.3446673640534104,4.4068466432906375
C64a7ccde,2.4354815421715275,0.9168862097073791,2.913464942481851,3.8133609720190025
C521ca32c,0.9754723671533221,2.6807902722286454,2.169024148421307,4.48635842715354
C46fd1e49,2.35746164264106,2.1156706921031008,2.850819587386821,5.5746621006890305
C9517ecf8,0.8501741648072654,2.288199808011253,4.341328716027078,4.928047736214783
C520c9b4d,-0.14490841748343875,2.448007688033507,3.2568423832704654,4.8051500137803185
C5d130d1e,2.219343091291888,1.6822321727364264,2.1028115207995115,5.219534496624827
Cf653812d,0.3607248701515041,0.7419060389779082,3.296343462635243,2.5095232886245795
C6659ac2c,2.375251961167172,0.5647202340390922,0.5814397612673852,3.649049811880307
Ced69d2d2,2.9146034002692187,0.7229079563720815,1.0210894505170498,5.027189911447621
C54debc74,0.3851200822644597,2.1740050828047974,2.6990168839241226,3.353764489079827
C9eb627e2,1.6788119859930792,1.9192570759693128,2.1916591251166104,2.5098229759372037
C650ddad8,1.6306753912757124,2.7266606441875276,2.8609246614111674,3.01535021060134
C5ed05d74,0.3906890652187647,0.034806252112473235,1.267723870674388,5.729975720869085
C9d9c7a23,1.5968737796551238,2.074412375754466,4.634010078103521,4.298455193203033
Cc14eab0a,0.21640393206964825,1.6608312015297255,2.869040715728973,4.262414059645527
C15852371,-0.2783815171251607,0.18079804102946984,2.5565285258868538,3.5854823714446056
Cb9dbbcaa,0.25380821184829616,1.4122128258225264,2.0634262894881448,4.033100240531838
C8800cd50,1.4382193000706103,0.45363042908556195,4.627478659398746,1.909916944841358
C13d1c7ec,2.037863724586693,1.918658523071121,3.26284004238574,2.872410986188315
Cc393511f,0.7274335469609623,0.44668180922147793,2.8462027841082986,3.4399757304526446
C964e53a6,0.9126187594200359,2.608082431250942,2.6609538677679865,3.488215202672224
C9e13ae46,2.698363733672294,1.4263757943123494,2.8643717333634737,3.7191913124065863
Cfe7b6b8a,2.0470197694765746,2.1114456285768193,3.6229547220908733,3.848304153358635
C1a2ee361,1.7269363014327719,1.2798919445363381,2.7044997332688765,6.171569666671457
C20039d82,-0.24205186239272747,2.0209121778709496,3.192130541116695,3.828421792139933
Cd253386c,1.0539683515489013,0.8784154600715515,2.380051299141439,2.660033538870376
C07067f70,2.0968814583090167,1.2939562278561323,2.6594622066440174,3.322781788855074
C914f2b19,1.7140305547323353,1.812467615859761,5.280310956449781,2.5596595373986855
C96ae8f9a,0.37154399808212946,2.293422134141762,2.444016428883173,2.9678510874635666
C1eccb286,1.1209315806128255,1.5218888181994796,0.6683014503960947,4.846518215085264
C31d59c48,0.9765481624427186,1.9490201592623022,3.565418086140996,2.174174924664258
C4c0d3b4e,1.8539079726527727,0.6676007219402478,2.4234395474911152,1.8085799851515194
C24553b07,0.35051719401648895,3.6508833967577288,3.725840212339237,2.842381357260789
C142871d2,1.338938229911523,1.4507311698149192,0.33558978190036415,3.618303260866248
C069ae593,2.6972419212339585,3.4597923437186733,3.02139066948788,4.943576102821521
C4eb83053,0.029811823890970035,1.1155583536031095,4.513067278448416,4.574788169116118
Ce5215245,0.24625051289576316,0.9292636772095657,2.5686302566679404,3.404583319020999
C8f55fe97,-0.35255277087651127,2.486697930962236,4.28718519007496,5.053214784440115
C51d2776c,0.5997981864652366,2.5779782346014732,5.628374231273362,4.265749897978889
Ceb2419b4,1.0688595489464179,2.975011173013873,2.3377687005659964,2.547173938210406
Cdb01ec07,1.418216841376921,1.8783703572947192,1.6177480124014605,3.388890324010608
C35fecb17,0.8928273587412358,0.6840373615177477,2.1260193096573508,5.279664652333238
C63bcab07,0.7266224417465517,2.73082475509391,2.967265760763196,2.768003056778795
Ca1e67692,-0.2201842381729926,3.1523702998952654,3.079530228574562,4.595311857550455
Cadb58152,0.8676820823460729,1.2032134082730228,3.4296024171959982,4.0968133626189385
C68505682,1.4703449998250746,1.68980375478623,1.9681928586849053,4.65032529833889
C6385c43b,0.864088087007465,2.3491575207757993,4.180539270599978,5.249381441599402
C541b1455,2.1774155851806847,1.942181097100786,2.9737717010143494,3.809202744151747
Cf8964579,1.6379150459613891,0.5020656097313818,3.4979493411789524,1.5064021339966036
C640f58dc,-0.39174788223948376,2.1361695044284588,2.6632389421815943,3.581815124883985
C66934ac0,2.3265683857169464,1.7199580868762183,2.0160286961083074,5.104472393881597
C73b3b08f,1.3921217994437922,3.674228280928161,3.375424464198713,4.349667920915504
C6f03005d,2.4519584055627686,2.229726219660956,2.3666341702507516,3.831563735388219
C0a451d97,-0.1194862748415002,2.8299659395169416,4.662346867097711,5.162414249954178
C76210601,2.0361825706814356,3.200421037419491,1.8706121402046412,3.965932791675379
Cc8b4476f,1.9096856838943277,1.248183644057264,3.232908631122682,4.2210110118793995
C836406ef,1.1692998336623948,2.38645338830917,3.8199439669473767,5.346608964509668
Cee9f2101,1.1119931751819663,2.702873890180824,3.821698022461564,4.405896563727784
C9d853f4d,2.664269307728457,2.341674810456197,3.9016909636263737,4.536078704480488
C92381c2f,0.5631199622207578,2.547777030234741,2.0730958483935065,5.085133227949329
C7d605343,1.6190401414726394,2.5321647686977133,2.215203060652372,2.2211087081829013
C263156da,1.2576447167741347,1.9880017495859836,3.661988765781511,2.0522927403008095
C45f21eea,1.8664440912730313,0.12887918741358506,2.4111889812268763,3.7271371159737345
Cae37a5f2,-1.1589351230880989,0.7290334079832139,2.367274605975644,3.8539512254901487
Ce5297345,1.041877242169181,2.2182504450789247,3.152003669494137,3.7035866839302765
Caaff23b6,2.792620216984374,1.376279661139491,2.9290796599148257,2.641215480185694
Ca4962bed,1.1820723917126597,3.241556778839843,2.0562943343045648,4.184709342922145
C1f1aa1ff,0.44697669537450524,2.0213737723635608,4.69038609460689,2.618851006535784
Cf468bd45,1.5237537497437592,2.9977279555606215,2.6589213213194145,4.589778836917134
C1e81765f,2.187967000268504,3.2281296761088027,2.1140623470827973,5.310212344360101
C28d42d9b,-0.3840678236662327,2.489906238888307,2.46845093064445,4.480638486975484
C1c5fb59a,2.442223425908103,0.7187134873795245,3.963682716061056,4.292712438640692
C1505c004,1.9355381896441126,4.422707574920267,4.592939619061906,6.311158407485385
Cbe25fe4c,1.5698324884645993,1.8305400782810826,2.9036947292404225,3.428228450015107
Ccc7d9084,0.5806744695882744,2.1343687553676824,2.9659507374617253,3.9550529560180014
Ccc3aeb7c,0.3678936531729057,2.0271445045412624,2.4534299974954497,5.6313238970673485
C60258ecd,0.13994953730490056,1.6740530220826084,2.9077769788488856,3.1224595413343046
Cf6ef7535,1.0381319161701832,1.4304226109879905,2.316842013769789,2.5588468533547193
C16c3ea4d,-0.20856754339335049,1.3742095631027365,3.6887525801506573,4.410506936053454
Cb1ea68d4,1.3900367989159188,3.154813303611232,2.8331623685296194,5.076046761937889
C69457629,2.359528573579183,0.7571538843378882,4.0852076133562445,4.580467834555405
C1a928512,0.8132865295541983,1.2900183299087065,1.5818710099663253,3.408738392496046
C8eb8f0a3,1.2250569565465799,1.757423471965867,3.703139576922928,4.434261493454931
Ca7e8fef8,1.3290988855429058,3.2905410361059753,3.8599543232152693,4.701667905959954
Ce7e15e3c,0.808112421631021,1.866390473102883,2.789772579436282,2.1390274501634545
C60d66a54,4.143614392653336,1.2204692708254,4.7935229832611554,2.0742250330558196
C93df0f20,4.103076021667404,2.2860887477366947,3.8015363446189547,4.132874835993442
Cb96ce038,1.026327407471129,3.544989045789779,2.7927277983142584,2.9707425178720124
C64bd117b,0.6282442390657361,2.1273786711553697,1.218246011712258,3.2971029171155033
C68f68fb4,0.44939090304668383,1.4868088849057197,2.7633335425489616,3.711894006628372
C59ed0527,0.902528639559425,0.8104917895729451,4.872919626194883,3.6555054327529866
Ce1dce7c1,3.8220966683516964,2.759322472374541,2.415323562589675,4.372626489751261
C8eb5379d,0.6511172638846761,2.4725247682210636,2.087407722625009,5.167781826230396
Cf0a2545b,2.6127648754021227,1.2527881972052841,3.5082965707264333,2.477804266798973
C25b9dcd5,1.08358993649595,0.882583161093101,1.603497919668753,4.678752860249734
Ced03994e,1.8223208516882918,3.256892821164538,2.569868443897688,4.86973992524902
Cfb5cabe3,0.8137721949988956,0.4443901599498852,1.2727459345727983,5.108199533106924
C15d7526c,0.43738417463045,0.8698698002015377,2.2362545270650815,4.769143680308692
C87c5eeea,0.8627297338586394,3.6962954376541184,1.8513649807421102,3.4055604663583625
C7f4227b0,1.4328803075329248,1.7697736754214677,3.0939774974099565,3.089303823804038
C24101c4b,1.1344989946879898,0.9055999877315386,3.356598850353965,3.3713537023623883
C13f82dc3,2.155946086516598,1.586849565068627,1.827381950909612,6.262105585416439
Ca3f1cbba,-0.5107492433696037,1.4798008916501515,1.9213550255958936,4.908965844991564
C36731925,1.33687465752771,4.467805053406671,1.4427606631455585,4.3829819904839065
C99848b57,2.6049800912669876,0.27770682878412134,3.9981580999089252,3.762093627975077
C8ae3ceae,1.5166750132352598,1.6489762788079236,4.2827690732628785,5.054624443696029
Ca5408ddc,1.3301296041850814,-0.01158052802572529,2.952962733316742,3.062545454644587
Cee813eb0,1.2503719417883963,2.4343962923057547,3.313493690130102,3.0943783207688123
C00021885,1.1577936341684936,1.6369943611791031,2.6293647490988232,4.497539250506544
C7b67c3cc,1.401737575184777,0.27903967956389786,3.7216380910006266,3.578984236803336
Cd0080e30,0.725358955894214,2.0556704085907076,2.365472139480386,3.3284159885694162
C121ded72,0.4593952229736362,3.0065744420971035,2.404446678354528,4.270623637659757
C2cfd7b2e,2.3528500450359253,2.0845136391318655,5.39127848765216,3.513256128911986
C1cbc4c51,1.9738092166488175,2.790502515191261,2.4907127932242394,4.2140681865894205
Cf66276fa,2.5600369062602457,2.045367468408679,2.6657327584573207,3.049117800371472
Ca5112a44,1.76807268435261,0.7038817195487774,2.5800842626041085,3.9029467173672323
Cd95e79a0,1.1199418176452163,2.022120991457653,4.5201421448481245,2.9946939727134065
C4ae444b4,2.0085185612399057,3.98690433109491,3.147793550889668,3.7243316712495194
C799ed2c9,0.4251526839351275,3.8383001458792556,2.7042111369253297,3.677429685968491
C0bff4d8e,3.3241013353019975,1.2267238697467835,4.065400088587515,5.362298908416425
C2a123841,1.8032541312443464,3.6428445940942993,2.3940716129395616,3.864909972038166
C64007104,-0.23969970655759432,1.992253166877609,4.590327890035443,3.320555616478724
C6e10803b,1.6514222336723474,1.5427607988020289,3.8431628623380627,3.9447917701442696
Cb71e973d,1.209233380929191,2.04084794084487,3.2817674599637754,5.001711823898033
C87aa67dd,0.24560329674445636,3.085204175730273,2.343831901354545,3.9574314104734376
Ce7f5a35d,1.4813798032509262,0.7178031147506803,2.8461903632123087,4.96225510800074
C5a9cf1b9,2.3336762451095314,2.058509267743725,3.2053414998608942,3.743282708649893
C9f47c856,-0.07961446032859243,2.1569502816370902,4.301085509314639,3.2266009767903827
C5cadd236,0.37442697848488027,1.8250885342187122,2.297675328152423,3.5334870369857194
C88b2a358,0.43944963505648493,2.11366547871543,4.2010834189493265,3.7607842706446264
Cb6475a3e,1.9368194146258217,4.397153669654152,5.114976373704116,2.9600941161137637
C60660736,0.5485793756214936,1.808621548794113,3.462751629126935,4.562248870798633
Ca049625a,0.006408718593106433,1.3658549077414,3.089163443469267,4.052865053971599
Cfd147dc6,1.0999446231000103,3.2258019783921537,3.9686174182484137,3.762678962146788
Cb2cb2bfd,3.230146053421769,2.4840241350440913,2.007778731431028,2.469151232066955
Cb9baeff9,-0.09947509585217884,1.4080131258172535,3.380620052394326,4.201899624330684
C01f2c371,1.2241488950237498,0.5853212025997778,3.2288056003824934,3.15618497624589
Cd667809b,2.1332758533463165,2.486427077998914,1.826555742389183,2.434623109424405
Ceed219ae,1.2586182287221181,2.6903289754544915,4.4028965350112585,3.5414375313717965
Cbca2b6bf,1.3623147513744667,2.7468760424437733,0.8683350885350136,4.12164879911237
C6c50eb13,-0.36301727027178354,1.4789589606898792,2.520105140161967,4.832996606783946
C3cf2f911,0.11579689033321794,1.238120576396025,2.840109431441117,4.012468801042268
C771a5f2e,2.344527782492105,1.4787944197545655,0.2947472934254911,2.798595118602386
C39ece3db,1.354593772359531,2.1014518748461017,3.155423970506121,2.659174944414273
C5c8c0c46,-0.3742438874806575,2.882446080052227,0.765294972852002,2.7125612445206073
C9e3ed32e,0.8401670525211561,1.4300921025434898,3.7327897730762873,2.092509419944773
Cf884023f,2.5325880459758188,1.645584051224521,1.9924722648597715,4.4408054910710115
C8655b132,-0.39275651889739627,2.427092191867049,1.6156559696868882,5.64677838355796
C7f720cb5,0.10733325576025254,3.188980935707373,2.6064715174222837,2.7745355803404532
C609a9410,-1.0727356893632596,1.4311832786344967,3.9114194140772245,7.075815635048166
Caa987df3,1.0239015637875872,1.2205598201863408,2.9858208810512474,6.050993369206037
Cc11fd8c4,2.700088203797648,2.0434872801803943,1.9026634514462393,4.2384678622120395
C0612af21,2.2954582165289326,3.1281902082983066,2.4784083674521016,3.430063870298419
C6a39c277,0.6399560323016514,1.5219863772582873,2.395668026630245,4.33556858311174
C63f0e89e,1.5190201498906553,2.0297400385292588,2.3613029856408483,3.767158627974142
C35e3fa33,1.832034512907498,3.0691461710910604,2.838223187872041,3.616698050354476
Cdfff5857,1.875248928646414,2.3206099053214206,4.562833137197707,4.019540839925221
C88841cb3,2.0341353267861493,0.7219532974938965,3.379616775647347,4.434789596709556
C0956d890,0.5060223231466561,0.8210311371366115,2.5851989240627247,3.8699191247993343
Ca36fe772,-0.5378813752452065,2.659557990873144,3.4809777693555155,3.5624092172051243
C6d653072,2.0612983251857235,2.0594571071038814,2.85294242345249,4.443203895259605
Cc9a782c3,2.51067072334965,2.9912663721544135,2.8941039459015947,3.595731063688209
C5e1a4766,0.3909197417300331,4.37573117511174,3.4880266006410063,4.3256216385142094
C71afb814,0.5107510209313961,2.464816385082376,2.112852201347992,4.350180004408857
C56c294ce,0.4849328504392606,1.666018003223416,4.006622435788838,2.9756671750681267
C8d93926a,1.2923940399394083,1.8768061126844306,1.8177566302991108,3.8283321733335356
C582d5a4f,2.170296440706552,3.1440553117761296,3.146748173081143,5.3276490551031666
Cefec8d74,0.549766508235132,3.1685980029532717,2.2958943927828663,4.794182403117071
Ce7f74e5a,1.079547885295952,1.8571708628521586,2.6985745213633647,4.122060587229189
C2c99cadd,0.2849867699882812,2.214093980256669,5.512009878212251,3.6969585775762615
Cd7681a35,-0.42909076833821813,1.2626659709323396,4.549636144472776,6.117595535091764
Ca9d3ff8d,0.5226916289032422,-0.10251793502231221,2.7060047595011665,6.14975846802497
Cabf1bcb6,2.063772163737228,1.836145871646717,3.9214382565609665,4.300802596274815
C204e22a0,-0.8900549028941693,3.187892196958256,1.8518990336990657,3.7190997192001185
Cb9065b6c,1.720801078700871,3.206047697439385,2.956592735026846,5.037181078045654
Cf0a0aab8,0.7454578690958026,1.567653010864539,1.8575617702935483,4.606821661558113
C124a37d2,1.3418721483880307,0.9833378520414853,1.1761793910012526,5.458184979123647
C84b0a1d9,1.5377318875239614,1.2897134371196892,3.9627130371000208,4.003387162018174
Cd582722d,0.46343595769946844,2.3948099684536674,3.2853339318294354,2.9004864572248668
Cd8eaafaa,0.769183690829814,0.4931574318901817,5.075611230029816,5.003580190330002
Cfeb75cf1,0.7362919800787457,2.02760815553222,2.35917387321635,4.163090564146584
C89ca1e8f,1.3872629998109653,1.6207852121696145,2.958939794761331,5.433410857913932
C47ad762b,3.1198312727652198,2.2415784678753408,1.568136088931003,3.482233169921156
Ca915c995,0.2266802269517295,3.483767281973276,1.2722217883059994,4.682372335745983
C8d7f1a07,2.4992796344561166,1.367126572087571,1.3554751631247437,5.128693776494765
C17250bb7,0.53371744223521,0.8359250025408949,1.312580177956203,2.6832587707259417
Cccbd0ff4,1.2158448214675055,1.488805679317569,2.4801572385801403,4.795334327233305
Cf45b85f7,1.0254155481619425,1.960259183995609,3.375376237173137,5.959879284579963
C263bba8a,0.8747318081182922,1.3388797990743604,2.8913291637198664,4.399994618503332
C312b7a9e,2.3421416422366885,1.2752245594541733,3.714181113852863,2.8972474069195995
C1a8c1441,1.4017220405363164,1.6798735769348805,3.735587728091376,4.271483066696533
C856e7468,1.6477313781002414,1.8292385444004955,2.481865979153997,3.82692276566733
C1f528759,2.5121070131135186,3.234966776663337,1.7657310718983994,5.082707947826846
C048abdcf,1.3541267079058916,3.646075758767993,3.5225814882852253,2.944259038626514
C32213e8a,2.68141271498726,2.297485186525593,2.5073566737681956,2.8224250095801526
C090e9134,1.8333651809879836,2.0142660694187766,2.988478242093461,3.894836882131248
C07496959,2.3289090752642565,1.6820995878663327,3.471212690979091,3.906512510490851
C39c97b08,-1.1882089427688252,1.1773604656692398,2.850660416945878,5.480351457499304
Cb0b7709d,1.0172809075350657,1.498779782831916,1.3274993948422849,3.6437240306948864
C2817ea86,2.105135129190993,1.2678686917314712,2.644488489433303,3.640784139872656
C88cc6925,1.9250877804213382,1.6056816411537707,3.0726211108661126,5.869910537365179
C3e56bfd2,3.369699148416337,2.8623048419908903,3.9236947601455845,3.5615438161597317
C4be128f1,0.13110347598894245,2.4738916376476205,3.879261465522706,5.031234876166506
C5588c47f,-0.02815298497888774,0.14312754552038154,3.5527019835152736,5.881453081890321
C0d8a1484,0.27310604431740326,1.6164788483249175,3.521327843929015,2.885115629501184
C5963b037,0.3151561355162329,2.216000092112271,3.0674596104963983,4.027888341311163
C1374bbb0,1.676108161731346,1.4657215909165853,2.0017716134865533,4.123714793776713
C84426fae,1.880430031344777,2.6514909200766006,3.523548222941874,3.709729545219849
Ce4354c60,1.3675646766971428,2.857956929851296,2.0619213693482212,3.200118848691877
C98df1049,2.610289314838469,3.3651894254408745,1.7430471084942485,2.2288998183960094
Cf8fc9752,1.2686349928406504,1.4504127272764786,2.7869307781436374,3.002539550630776
C4cf0f46b,-0.003808725550100256,1.235144430806836,3.606921859068633,4.092653089408094
C4175cda4,0.6315305564119124,1.2535632694459218,2.976272657041652,2.7910983009304737
C40a5518d,2.4495363640632726,2.976713989099681,2.6278906565181277,4.644820714172391
C19ab1e76,0.7324746747229158,2.195409602751656,3.804275418954173,3.935354954139053
C5f91dd71,2.4942496623871895,4.136823620799763,3.023614301707439,3.4265301094978797
Ca7400081,1.4526916576056745,1.9494884336535157,1.9217330485289081,2.5998064357861193
C79b73b49,0.6770305458999338,1.9160850328665833,2.080671563224439,5.5207459139076605
C422aaee4,1.9165555823593414,0.5982573745374473,3.049878097299061,4.788969930052803
Ca016f1a8,1.3610531878375856,2.4606170786914245,3.4547490721610434,3.93971297555854
Ce4f2680e,2.3598835467679073,1.8127115904950357,2.386575449284794,4.7716826812993425
C0a72b92e,1.1610033544044258,1.8093985342742367,2.227981079092175,6.7934634151099385
Cd62bf0f7,0.4623343508078305,1.8449684683575505,4.470942559560622,5.011241521941463
Cb1d907c3,0.7991877493848759,2.685642637510947,1.5248969873275995,3.886570022520536
C92a981da,1.8124262678610163,4.369769282075117,4.0541528980761985,3.749719982081881
C222b2d83,1.9055906771461582,1.1357636005937255,3.0311380129101377,4.798034146880217
C32e9a243,0.9121914424118828,1.577032908474386,4.21141664705477,3.4365483243131307
C5fe06e04,1.655498192120994,1.822167844355246,1.9072992504466197,3.503710363157871
Dd9131ee9,0.8932114361048422,3.456428466409398,0.5994110625530684,2.4094669609160393
D9c5988ea,1.6689953259269792,2.765151069220847,1.889075651002121,5.51818183440095
D28a5479d,0.05850501062609781,2.9358714139220776,2.9318118954676913,1.792894270400645
Daf5537cc,2.04590394004192,1.400920426883162,2.521168036325681,2.9708820340643616
D370958bd,0.12030835799664086,2.092184279172267,3.7922067879802226,4.633900312695395
Dea997e13,-0.7046290961353854,3.372672734617185,3.259698706711377,3.04313861276883
D3563646f,0.5565382783570437,2.419144669718389,3.5936073462277642,4.814089186035417
D9b3cfdba,1.4049066824402114,1.856698827975658,3.6200889394031073,3.0864305552432487
D32b6737a,2.349493284666136,1.4187236826381007,3.7522518993152807,5.206302256900711
D30e96748,1.4215796210948737,0.6064508065316132,2.478278851536886,3.091132778719596
D7dd233f9,2.028336650088608,2.983377255261409,1.4394546529579557,2.513422278742909
Dfca2f470,-0.4342254686514755,0.7598119551884717,4.216320144716705,3.840828875873355
Dd4959020,-0.6496678178517166,1.4185872555254877,3.5381327908840703,4.010579771092528
D789f32a4,-0.8219147149452779,1.791291404148772,4.538771475672589,3.7680043873808664
Dbedf5b36,0.6465293581723903,1.746939062639231,3.4492572813323266,4.05975087319229
D05582fba,2.9239239792286056,1.4149135142633813,4.4302918796255,4.4414999411155485
Da976f585,0.610675987517298,2.937179827501356,1.085667237232298,5.190905498205282
D59e5808a,1.5568490498810121,2.6337176553283417,1.9990291826997444,5.289993560956856
Df3f55603,0.5953494887970965,2.558294159425951,3.308661851727444,5.32662438159645
D6d20803d,1.7266860302394047,0.7789971287703445,4.008192700480248,3.2554296292771876
D690671d8,0.2508902419000659,2.031568140079346,2.2224098205518787,2.086954737710551
Df8a97049,0.4983955815583574,2.6938036390776015,2.005171679141712,2.933438416515384
D64a7ccde,0.8211175778404246,0.31332601984637054,2.5832717130672807,4.611141436285554
D521ca32c,-0.12788406078975179,2.9008680149124126,4.310000624966276,3.395563869400444
D46fd1e49,0.19842065117932484,2.1663348683431773,-0.7414252307789466,5.326793518921482
D9517ecf8,2.3009728298289525,2.5548330231161893,2.969699395683046,3.5923299664840727
D520c9b4d,1.4246126157241874,0.6518011443038492,2.103106733687395,5.782479511367748
D5d130d1e,-0.2568697404407443,2.668286366355134,2.666379372480791,3.565155828153815
Df653812d,0.6605360582133201,1.5784633418797627,2.717502625522847,5.524595592568221
D6659ac2c,1.8421142354870712,1.7913104680659993,3.2479506298237912,5.53961486917671
Ded69d2d2,2.1187387870914245,2.543985318255244,2.9657319111558262,4.618940439022635
D54debc74,1.22246603242496,2.222144684371435,0.2686550757855186,5.510840340112537
D9eb627e2,1.0478737188567817,1.7932297891161493,4.516076586266265,3.864603994852546
D650ddad8,1.1256010264187928,1.4087262904427615,3.259913882296252,4.096780070735828
D5ed05d74,1.7230055749233082,1.4213505317025148,2.157590651052332,3.559590335377465
D9d9c7a23,1.0063574805656146,1.1614519398109389,4.043348825642837,5.302218857184506
Dc14eab0a,-0.2155365961442932,0.8235167255141858,3.4643849235307442,3.3919407107479764
D15852371,1.1518643417536352,-0.2751692575506457,2.8417744886558833,3.7560971882288157
Db9dbbcaa,-0.270037578891126,2.1165293655700843,2.9696938405194584,3.9311770054088493
D8800cd50,1.0479177775971127,2.0146669658954797,2.803110900499428,5.224857388486061
D13d1c7ec,1.7767914811592984,1.8150113055986727,2.2908186393139465,1.6082912615763711
Dc393511f,1.5741295989499557,3.09638034383975,3.6686066058930185,3.8803003164651666
D964e53a6,1.1846804200339052,0.9317642342288976,2.0355348661811776,6.855871798900336
D9e13ae46,2.699756702669455,0.7072478506682438,3.0554894228854548,3.7678222865946362
Dfe7b6b8a,0.5965553420822762,3.154313768714448,3.337929627919584,4.76234086385049
D1a2ee361,1.8884566604479431,1.7319108283765128,3.4236813291871417,3.748938472547304
D20039d82,1.7135954377271183,-0.5283324731517824,4.745358130443942,5.4141838614394056
Dd253386c,1.4620731976736276,2.8939372220869326,5.067799491281991,3.6321890119893587
D07067f70,0.28915107390736894,4.342070942270991,4.061011331371725,2.718197833770286
D914f2b19,0.17407050673232904,1.185264125812374,4.304996684997884,4.3698766977505175
D96ae8f9a,0.9065747546268715,0.5416028183336086,4.431978372084002,6.280934679176065
D1eccb286,0.31332237287517983,0.36873586989858476,3.0652649712778546,5.709192783839198
D31d59c48,-0.17200049171033993,0.5812832477136043,4.610913403402405,4.918437504274184
D4c0d3b4e,0.021602829014991887,1.7616820855313042,3.5742791849314925,3.4991561551308856
D24553b07,0.31636438578725623,1.8309660331507813,3.046286076632614,4.304616783893357
D142871d2,0.5965745407544634,2.1110819129453704,2.0360462315132484,2.936259204191136
D069ae593,-1.2001042285513654,2.1301671636494044,3.8283093281795626,2.960152279937754
D4eb83053,1.8660949510049005,1.9235122589995932,2.273111616685755,2.8259615630420107
De5215245,0.79850586871109,2.1579199868731105,4.419070674763697,3.6263723756973905
D8f55fe97,0.5215464189918553,1.3666037108121012,4.00465788472419,4.385477621553454
D51d2776c,1.2444278267132847,3.62894082089452,2.298070843561051,2.0324456475646273
Deb2419b4,-0.07725015198876362,4.065252081416714,4.644220721760807,5.28427300982806
Ddb01ec07,1.4555974712102877,2.604079543577031,2.8529774894364364,4.274084515382958
D35fecb17,1.3857107903990544,2.0547092712416286,2.8032681017554504,4.400732819604622
D63bcab07,1.9435012595661219,2.0246926930595617,2.583932439425812,1.9278756766415381
Da1e67692,-0.6624635940213657,2.8439021692436564,3.041307843565031,4.757200813895627
Dadb58152,1.1922524834427335,2.9818981562618037,2.7294703622192427,3.857051599265587
D68505682,0.9976535578762703,3.4120978602729544,3.0842676269078977,4.296184356431521
D6385c43b,-0.4527427244386668,1.9991762781628981,1.9838601924101908,4.595922717784494
D541b1455,1.6577559964476858,3.25582992290072,2.1691275147955613,4.4324965136172
Df8964579,1.4261600239218581,1.3423193118319081,2.5744559069847126,4.924481306250672
D640f58dc,3.877529585671868,1.3483480589651409,4.363950492556423,5.043466974878124
D66934ac0,0.5625234216533874,1.04866471716949,2.1778646352349664,4.46140397470757
D73b3b08f,-1.208291089244951,0.9047381649900248,1.3306750026959668,4.048050823228726
D6f03005d,1.4156929975197414,2.0173723825207497,4.283625667848776,2.1816443683867375
D0a451d97,1.474382568326404,2.410818861735677,1.488150501703208,5.045921543328452
D76210601,2.895092374793923,1.0793910070557948,3.5233992869937083,3.832707020797593
Dc8b4476f,1.4438345494062885,2.01726024266554,2.799744176995647,3.1628356782363642
D836406ef,2.9729307786486103,3.253898641910025,4.754483283729561,2.4269972508371174
Dee9f2101,-0.3286576578948779,0.14682091346099369,3.304459436484487,4.073731018005661
D9d853f4d,1.2243495808098284,2.133242125302182,3.7625311808400843,3.7016974505577034
D92381c2f,0.8876963054313296,1.638351231722392,3.630909681753247,3.8805307704641336
D7d605343,1.8705073905675782,1.6637634991837538,2.4245294419432124,4.350255710799669
D263156da,1.682032074116597,2.1449642583379127,2.061655301483639,4.158872246278957
D45f21eea,0.34352832639968855,2.025053519700945,3.1021023675346364,4.877219196292634
Dae37a5f2,0.5878112063185357,2.0545561688193192,2.03401957802563,2.6710285662920956
De5297345,1.093867573756362,1.8239055985800783,2.181301539261437,2.8362632173200586
Daaff23b6,0.5599912116455421,2.473004378748616,3.6548893511376574,3.48733386507674
Da4962bed,1.5989992301351321,3.039894433358578,4.002183178604384,1.8791281278511311
D1f1aa1ff,-0.743843240423465,1.7254124844256467,3.143816586502557,4.020712857203723
Df468bd45,0.8505884102772894,1.4120671415596813,2.8610289281476464,3.9236340781634174
D1e81765f,2.1452446850274045,3.372916992441029,2.161753574340421,4.61657766735878
D28d42d9b,1.4693825378160628,2.0788309873844626,3.4274379603544416,3.8190445481168513
D1c5fb59a,2.817725934583581,2.8763249625365788,2.266208359323055,2.8059509012642496
D1505c004,2.5635511154547643,3.4500420654210755,-0.21157741056593382,5.734988089586857
Dbe25fe4c,-1.5858987576843626,2.6844235977370303,4.0366719367430335,4.106556867967252
Dcc7d9084,0.6721430142636244,4.4395930999549105,2.8387012039190176,3.9375096350015384
Dcc3aeb7c,0.31468513501106776,5.004490293952915,3.842905932742288,4.303387851469143
D60258ecd,1.459201742511914,2.535409898187977,2.704373009459071,2.92321158194092
Df6ef7535,2.7575155459106795,2.1179803285914414,2.3657803609082375,2.3542756938955254
D16c3ea4d,0.933147529705225,0.4857689406119925,2.525146713259917,4.398810994544429
Db1ea68d4,0.13103763636135246,4.861615082305267,3.048838879732066,6.273325779949413
D69457629,0.6143575405702668,1.1782558046113512,2.901201639209658,4.851871373159309
D1a928512,1.9122323524892622,1.6086825163894747,2.8054602249452216,3.510299080301575
D8eb8f0a3,0.1662807082159723,1.7461044844492217,2.9494503942390953,5.064850146962827
Da7e8fef8,1.108712825851683,3.503325587835481,3.4286194355852846,4.6075050449690895
De7e15e3c,0.5507656402560079,0.9107177630938381,1.1219716679438463,4.809580435547997
D60d66a54,-0.5519708886376362,1.071470831527614,2.8412251689402184,5.47262152068732
D93df0f20,2.4280865464316115,3.9507745792251994,2.972983110233261,4.768073718328957
Db96ce038,0.6542503236683586,1.9769484774474961,2.479929252956318,3.6890563344216742
D64bd117b,-0.4590202563319632,0.06695514633373123,5.000040570136935,3.171663393642262
D68f68fb4,0.04009927774314925,1.5722888714240544,3.0133470759702563,3.919096065549458
D59ed0527,1.0405047312124764,3.085061408598045,2.7751269913128946,4.765233968075178
De1dce7c1,-0.27202889199804114,2.4328700077758216,3.8787368327447522,5.716898412856785
D8eb5379d,-0.8042616689514128,1.3426101603462812,1.8061133120715744,3.873014267524074
Df0a2545b,2.4254359476067755,2.0294371355038994,2.304426487468588,3.295715364315102
D25b9dcd5,1.57234244590712,2.6130246443657468,3.44839508430578,4.673331993190122
Ded03994e,3.0435494967309866,1.5355291506473534,2.8379214500551515,4.20438783659019
Dfb5cabe3,1.5220821240819289,0.2247480841890206,2.796156628597184,4.052363030911298
D15d7526c,0.025440995142098966,1.3544743917719475,3.006433113387136,3.039841912994099
D87c5eeea,1.484424261904602,0.6967262115367565,2.3826194852879183,2.6265605034066697
D7f4227b0,0.5773004541612601,2.0893752956311764,3.367597494907819,3.9280630823115055
D24101c4b,1.8460943693137737,3.1572297725626566,3.5921486596837013,4.017576663433307
D13f82dc3,1.2014031551440694,1.6200417351206964,0.6050878873431604,3.980074898485968
Da3f1cbba,0.08294058756590039,2.275590977061261,4.082624348209373,5.122626272569846
D36731925,2.7361398507456145,2.083242245629131,3.5586784208070448,4.890432562427241
D99848b57,0.8450530293695876,1.382164254368249,1.9424980029303804,4.951099303072825
D8ae3ceae,0.4697749111898406,2.108206507698668,3.618184632143757,4.970096478232092
Da5408ddc,1.4213603955788017,1.9255924067825607,3.211444442694759,4.845630465672864
Dee813eb0,-1.6516174391370138,3.3490797781971287,4.443215630876731,4.0039884746659
D00021885,1.680853522919767,2.0157599045094754,2.6960771307406937,3.673269890360648
D7b67c3cc,2.341105811759062,1.8323425807143119,4.69029691927954,3.7716821316359703
Dd0080e30,2.5576907253520837,2.337018837156208,3.1445486918897045,6.108327444300577
D121ded72,0.735351479352067,1.7808685462328269,1.7898030513694094,3.581272190797918
D2cfd7b2e,1.3645892228853294,4.538664325098566,4.935063114701176,1.5474452973722332
D1cbc4c51,0.3552644365433958,1.9717398312323213,4.9135178335774,5.121055143265713
Df66276fa,1.249932075534142,1.5162412314278209,2.3209439595142367,3.457422179519589
Da5112a44,-0.2881230346441519,2.7989450411556267,4.089021101501174,5.8443993703002874
Dd95e79a0,0.735026636200843,1.1457271646704976,2.84424838339829,6.182481192537788
D4ae444b4,-0.7927402030356987,3.3919063441132566,4.248858168768546,5.348026530498878
D799ed2c9,2.310742399091514,2.324062966393771,1.8303143906355686,3.1993046012988806
D0bff4d8e,0.8264696426651892,2.0898828509338587,3.029089328406008,3.1543023998002724
D2a123841,-0.16609742400882221,2.2892896840107695,4.000939054259482,4.931071075083368
D64007104,1.0097665747569473,1.6976603703997049,3.3139130597880277,3.3469490314558694
D6e10803b,1.6768447038493806,2.85658432767798,2.6718569976167856,4.059076888577621
Db71e973d,1.0470254012631768,-0.7562567099099047,4.352455851777019,3.3148419166762615
D87aa67dd,1.0392671013572943,1.3147868102868103,4.302439084046664,2.563830304835572
De7f5a35d,1.139853308917075,1.68795435131069,5.0580478434821075,4.270652504442234
D5a9cf1b9,1.89296354334877,1.0839611620802272,2.7253851732960226,2.843798857244752
D9f47c856,-0.15602709676797377,4.678939590628481,3.3923858005308984,3.9206212393645523
D5cadd236,0.9350170910103301,1.3917235410037585,2.288675221657375,4.599783690074846
D88b2a358,-0.16118814950896332,1.5886891003665862,4.3167906749745715,3.9326563905582024
Db6475a3e,2.4999502366049176,3.1382667507520705,2.614995175511961,3.5376159768024382
D60660736,1.064422281820841,3.110392472594037,3.5935132579260984,3.114234868437704
Da049625a,1.1617517151604084,1.5646015322337008,2.093233491557796,4.138391935733022
Dfd147dc6,0.8067818359688665,3.3560569198813583,3.8828937873630354,4.910370137362254
Db2cb2bfd,-1.2487746619422921,1.2505805559215186,1.7001224152014276,5.466036297042142
Db9baeff9,0.7878251192116252,2.2043378696543496,2.113818126838174,4.421208077950577
D01f2c371,0.14238265525503546,1.3596414871832825,4.28283867872608,5.602778109240872
Dd667809b,1.232580370770394,0.03007657213209547,4.882926794166255,3.953255609990292
Deed219ae,2.1386541103712124,2.0313523678463157,2.681295000092818,5.038918202128078
Dbca2b6bf,0.6090589221506705,2.442062709718346,3.737988205618379,5.108323395500757
D6c50eb13,1.0913104115366394,2.762474630728401,3.2305563234947727,4.881034273757009
D3cf2f911,0.8286518438311891,1.0884436074161545,2.253704122581423,5.044162549789641
D771a5f2e,0.1187643145776901,3.856488355877798,4.731339465504939,4.4342258730764685
D39ece3db,0.8177930488685863,2.3013727665711103,4.797804704763653,3.909029829263475
D5c8c0c46,2.4920736370820826,1.2337255327769296,2.391497266228714,3.8886834289275103
D9e3ed32e,1.4752932233989908,1.8568995694462302,3.531926156993029,3.0445049614050985
Df884023f,1.3832880569169486,1.7213231152701858,2.819321456918451,4.398545879228787
D8655b132,-0.3009356404370922,1.5599799266784378,3.1009042063519647,4.695670259486121
D7f720cb5,0.2869835838543333,2.497689151650271,4.166495052119176,4.504712509203627
D609a9410,1.9921848004388016,1.2365144202777891,2.0376027565358186,3.342002571256801
Daa987df3,0.18021572995286406,3.4786851649966195,3.9694745907888174,5.963752148973773
Dc11fd8c4,1.102377943030597,2.180165915305418,0.38532429564612203,2.9495908123241783
D0612af21,0.626350159181591,2.4038328749003517,4.486490522594409,4.21421708351043
D6a39c277,-0.1953578949335555,2.0543386738002996,2.3635793687275073,4.504763478991636
D63f0e89e,0.39022369211676133,1.6547012040121487,2.7324669544584625,2.959508763700236
D35e3fa33,1.930970593971838,3.5204496461725507,4.476772584308545,3.887373578870609
Ddfff5857,1.5651401998282304,2.2882733451079385,4.8230258591254955,2.261176230880773
D88841cb3,-0.34196412421539857,0.17855710174975803,1.5989342345394335,4.480906895044356
D0956d890,1.179820254975212,1.3965356042815034,2.3117095595812067,3.776878127316246
Da36fe772,0.23801892651888912,1.1683439336204144,3.5628486072562904,4.40809090031046
D6d653072,0.36814203256583666,1.4732585468826929,2.711284120082009,3.7132237386280424
Dc9a782c3,0.816588246207784,2.1590197790039576,3.192663198331356,2.8796167691464762
D5e1a4766,1.1071342017124304,0.9436934787645066,2.2354196400312296,3.6123513131620357
D71afb814,1.8865130848733402,0.5964071711403625,2.2809237108157365,4.159041934044933
D56c294ce,1.4802493706258983,1.1900912372085517,2.8191591151981172,2.205758136642567
D8d93926a,2.748673737307673,1.4233731542237036,3.0336890985157563,2.464738592367686
D582d5a4f,2.2187250453735543,0.7343067794718963,4.202022571736125,3.956380151188831
Defec8d74,0.22950668640280347,2.846000383312874,2.531756247540665,3.1936605200288968
De7f74e5a,1.4278509726139859,1.3462186961500415,2.4239653568285346,5.177778750644052
D2c99cadd,0.37038904394796623,2.236226283377533,1.8074690008871772,4.5106265925792455
Dd7681a35,0.7329325158520291,0.8519389474994252,1.3696285974194566,4.203043758420903
Da9d3ff8d,-0.9160839322690324,2.181160539061624,1.6205195395408771,2.9903184937030494
Dabf1bcb6,0.17800613749037986,1.2345464699655364,2.703931214948392,3.8387444732039495
D204e22a0,0.8975482431357125,1.3166757646974552,4.3996480399796205,2.7566519026153875
Db9065b6c,2.3352320068310566,3.213640873851942,2.1894560959896325,3.753968028981569
Df0a0aab8,1.8814345948759996,1.36139740350765,3.1453457961331415,2.61918081484311
D124a37d2,0.4139773199962038,2.2047858958862183,2.8018623736928716,4.423225818084777
D84b0a1d9,2.3091676382974167,2.133096542642758,2.4093918432008836,3.809532686795217
Dd582722d,3.4644879263496935,-0.07126155726240624,3.559388757570047,4.332634863615499
Dd8eaafaa,1.9198484680637424,2.4441433388402074,1.9606942347028735,4.329209422474798
Dfeb75cf1,0.6294082762133362,2.8050505724190145,3.2523014111639137,5.189025732425115
D89ca1e8f,2.231438522995747,2.926670552184335,2.3896389880518756,4.114308883276832
D47ad762b,2.0563209896936177,0.9905124531958098,1.8911920723789575,3.858373229894478
Da915c995,0.22818284070188022,-0.34011346921922714,2.3030125377769872,2.8235432077578464
D8d7f1a07,1.1820782764809619,1.583248958468697,3.89939502543063,3.3010682256144004
D17250bb7,-0.7995073799913821,1.5501706859734556,2.378773186543379,3.906302075083298
Dccbd0ff4,0.011536513949606753,0.23095916820309692,4.02707035836968,4.049311630634834
Df45b85f7,0.7930484042752141,1.613335826734988,2.2090124400927387,3.2910874505865886
D263bba8a,1.2831469900855312,1.7431520007595125,2.8131770450183677,4.490016001253
D312b7a9e,1.022616368780287,2.4391345647149945,3.754392186193977,3.836592400831737
D1a8c1441,-0.7742664143298275,1.7405661508424322,1.70116592613422,5.97572906679356
D856e7468,1.6166281612954023,2.532534828959364,2.3203320837264894,5.3789239043783645
D1f528759,0.7218808937024881,1.8456422541324997,3.259134272750574,2.3023122049652516
D048abdcf,0.5795300629155719,1.406015111761807,3.0376188228807117,3.9107529301985147
D32213e8a,1.869704946650141,-0.1547784010658093,2.1666719991844317,4.840230332276345
D090e9134,0.5051571928586631,1.5585111633902828,3.0972346644198274,2.796485470425555
D07496959,0.5932055160026218,1.978337985285029,1.9784386976284618,5.229344715340952
D39c97b08,0.5329335701796165,2.342328268465445,1.451019730708941,4.649541142258961
Db0b7709d,0.7837910185034676,0.24485428183353974,3.811829229455493,3.143766621102378
D2817ea86,0.3818429762470301,1.266228977944226,2.85883828084004,2.9681005328272088
D88cc6925,1.3228420470142457,2.0451169014033264,3.1925237303578005,4.180966248027697
D3e56bfd2,0.9399274840388223,4.4250316279509425,1.491141061062765,2.455173720794003
D4be128f1,2.0824084389621436,0.4282506962839603,4.830120286976283,3.510677453780021
D5588c47f,1.442539301561506,0.6062908301279675,3.7382677377304945,2.5752202339734356
D0d8a1484,2.683958073821472,2.2103090930365066,4.2265905804224495,4.27493596860449
D5963b037,-0.313398710140939,1.1051368400791748,1.6573659812946775,3.9193289281950103
D1374bbb0,1.1133640390010076,2.0599786225645085,3.0409953916591297,3.64841029398872
D84426fae,-0.08594789925915847,2.193252543129197,3.5067096478460598,3.434438334057992
De4354c60,0.21569008586166638,0.847808605559432,2.702645734196609,3.2965701552775055
D98df1049,1.4855677744179867,3.168144059310535,2.6890333326702467,6.120017162346089
Df8fc9752,0.8395390792779589,0.511383803362149,4.546537419920137,4.2884949901530085
D4cf0f46b,1.436231092462989,1.4094286695551268,2.804296520521316,3.231564773246808
D4175cda4,1.3100438188506263,1.6713665643232523,5.217194655004652,3.685505141797835
D40a5518d,2.003742403007423,0.40190705037702057,4.9007258761712,4.636798236581072
D19ab1e76,1.327596889854246,1.5970853129115197,4.746397075981687,3.811653905770371
D5f91dd71,0.2971923126749455,3.3971562658040892,2.854381595855828,4.7976258908609655
Da7400081,0.1469421936297064,1.4284491270395492,3.121295896255393,3.400716907128614
D79b73b49,-0.34994308771223825,3.6651947255002923,4.258368401352136,5.563367460981908
D422aaee4,0.22241033744726524,1.7312399106624927,4.565306649814711,2.6752289879379565
Da016f1a8,0.27868676153684113,2.60784228196047,3.0658259039608877,3.9580133184389705
De4f2680e,0.4301922285275307,2.3487909746407625,1.5589871168494618,3.8975395567263846
D0a72b92e,1.5469871850307997,0.986505821802963,2.6514731824857902,3.6997552236242495
Dd62bf0f7,3.264160457881193,1.7630433207968268,3.9611163946344448,2.619690082547466
Db1d907c3,0.5583262490552332,2.6811688717684037,2.322524042401316,4.3023163474290875
D92a981da,-0.31259435491051923,1.4730776953285867,2.8105886040526475,4.584134670418053
D222b2d83,-0.76212289130116,2.926599927239897,2.68011822260899,4.976654721241471
D32e9a243,1.2362912366736891,2.597241726896579,1.5410897769410485,3.414941550293137
D5fe06e04,-1.2831398029163363,1.57438473358383,3.972975903109956,3.8826729526152794
